{
	"BUILD_DIR" : "/home/jzz0b5/yacto/meta-santhosh/recipes-qt/qml-brightness-socket/qml-brightness-socket/build/Desktop_Qt_6_7_2-Debug/appqml-brightness-socket_autogen",
	"CMAKE_BINARY_DIR" : "/home/jzz0b5/yacto/meta-santhosh/recipes-qt/qml-brightness-socket/qml-brightness-socket/build/Desktop_Qt_6_7_2-Debug",
	"CMAKE_CURRENT_BINARY_DIR" : "/home/jzz0b5/yacto/meta-santhosh/recipes-qt/qml-brightness-socket/qml-brightness-socket/build/Desktop_Qt_6_7_2-Debug",
	"CMAKE_CURRENT_SOURCE_DIR" : "/home/jzz0b5/yacto/meta-santhosh/recipes-qt/qml-brightness-socket/qml-brightness-socket",
	"CMAKE_EXECUTABLE" : "/home/jzz0b5/Qt/Tools/CMake/bin/cmake",
	"CMAKE_LIST_FILES" : 
	[
		"/home/jzz0b5/yacto/meta-santhosh/recipes-qt/qml-brightness-socket/qml-brightness-socket/CMakeLists.txt",
		"/home/jzz0b5/yacto/meta-santhosh/recipes-qt/qml-brightness-socket/qml-brightness-socket/build/Desktop_Qt_6_7_2-Debug/.qtc/package-manager/auto-setup.cmake",
		"/home/jzz0b5/Qt/Tools/CMake/share/cmake-3.29/Modules/CMakeDetermineSystem.cmake",
		"/home/jzz0b5/Qt/Tools/CMake/share/cmake-3.29/Modules/CMakeSystem.cmake.in",
		"/home/jzz0b5/yacto/meta-santhosh/recipes-qt/qml-brightness-socket/qml-brightness-socket/build/Desktop_Qt_6_7_2-Debug/CMakeFiles/3.29.3/CMakeSystem.cmake",
		"/home/jzz0b5/Qt/Tools/CMake/share/cmake-3.29/Modules/CMakeNinjaFindMake.cmake",
		"/home/jzz0b5/Qt/Tools/CMake/share/cmake-3.29/Modules/CMakeSystemSpecificInitialize.cmake",
		"/home/jzz0b5/Qt/Tools/CMake/share/cmake-3.29/Modules/Platform/Linux-Initialize.cmake",
		"/home/jzz0b5/Qt/Tools/CMake/share/cmake-3.29/Modules/CMakeDetermineCXXCompiler.cmake",
		"/home/jzz0b5/Qt/Tools/CMake/share/cmake-3.29/Modules/CMakeDetermineCompiler.cmake",
		"/home/jzz0b5/Qt/Tools/CMake/share/cmake-3.29/Modules/Platform/Linux-Determine-CXX.cmake",
		"/home/jzz0b5/Qt/Tools/CMake/share/cmake-3.29/Modules/CMakeDetermineCompilerId.cmake",
		"/home/jzz0b5/Qt/Tools/CMake/share/cmake-3.29/Modules/CMakeCompilerIdDetection.cmake",
		"/home/jzz0b5/Qt/Tools/CMake/share/cmake-3.29/Modules/Compiler/ADSP-DetermineCompiler.cmake",
		"/home/jzz0b5/Qt/Tools/CMake/share/cmake-3.29/Modules/Compiler/ARMCC-DetermineCompiler.cmake",
		"/home/jzz0b5/Qt/Tools/CMake/share/cmake-3.29/Modules/Compiler/ARMClang-DetermineCompiler.cmake",
		"/home/jzz0b5/Qt/Tools/CMake/share/cmake-3.29/Modules/Compiler/AppleClang-DetermineCompiler.cmake",
		"/home/jzz0b5/Qt/Tools/CMake/share/cmake-3.29/Modules/Compiler/Clang-DetermineCompilerInternal.cmake",
		"/home/jzz0b5/Qt/Tools/CMake/share/cmake-3.29/Modules/Compiler/Borland-DetermineCompiler.cmake",
		"/home/jzz0b5/Qt/Tools/CMake/share/cmake-3.29/Modules/Compiler/Clang-DetermineCompiler.cmake",
		"/home/jzz0b5/Qt/Tools/CMake/share/cmake-3.29/Modules/Compiler/Clang-DetermineCompilerInternal.cmake",
		"/home/jzz0b5/Qt/Tools/CMake/share/cmake-3.29/Modules/Compiler/Compaq-CXX-DetermineCompiler.cmake",
		"/home/jzz0b5/Qt/Tools/CMake/share/cmake-3.29/Modules/Compiler/Cray-DetermineCompiler.cmake",
		"/home/jzz0b5/Qt/Tools/CMake/share/cmake-3.29/Modules/Compiler/CrayClang-DetermineCompiler.cmake",
		"/home/jzz0b5/Qt/Tools/CMake/share/cmake-3.29/Modules/Compiler/Embarcadero-DetermineCompiler.cmake",
		"/home/jzz0b5/Qt/Tools/CMake/share/cmake-3.29/Modules/Compiler/Fujitsu-DetermineCompiler.cmake",
		"/home/jzz0b5/Qt/Tools/CMake/share/cmake-3.29/Modules/Compiler/FujitsuClang-DetermineCompiler.cmake",
		"/home/jzz0b5/Qt/Tools/CMake/share/cmake-3.29/Modules/Compiler/GHS-DetermineCompiler.cmake",
		"/home/jzz0b5/Qt/Tools/CMake/share/cmake-3.29/Modules/Compiler/GNU-CXX-DetermineCompiler.cmake",
		"/home/jzz0b5/Qt/Tools/CMake/share/cmake-3.29/Modules/Compiler/HP-CXX-DetermineCompiler.cmake",
		"/home/jzz0b5/Qt/Tools/CMake/share/cmake-3.29/Modules/Compiler/IAR-DetermineCompiler.cmake",
		"/home/jzz0b5/Qt/Tools/CMake/share/cmake-3.29/Modules/Compiler/IBMClang-CXX-DetermineCompiler.cmake",
		"/home/jzz0b5/Qt/Tools/CMake/share/cmake-3.29/Modules/Compiler/Intel-DetermineCompiler.cmake",
		"/home/jzz0b5/Qt/Tools/CMake/share/cmake-3.29/Modules/Compiler/IntelLLVM-DetermineCompiler.cmake",
		"/home/jzz0b5/Qt/Tools/CMake/share/cmake-3.29/Modules/Compiler/LCC-CXX-DetermineCompiler.cmake",
		"/home/jzz0b5/Qt/Tools/CMake/share/cmake-3.29/Modules/Compiler/MSVC-DetermineCompiler.cmake",
		"/home/jzz0b5/Qt/Tools/CMake/share/cmake-3.29/Modules/Compiler/NVHPC-DetermineCompiler.cmake",
		"/home/jzz0b5/Qt/Tools/CMake/share/cmake-3.29/Modules/Compiler/NVIDIA-DetermineCompiler.cmake",
		"/home/jzz0b5/Qt/Tools/CMake/share/cmake-3.29/Modules/Compiler/OpenWatcom-DetermineCompiler.cmake",
		"/home/jzz0b5/Qt/Tools/CMake/share/cmake-3.29/Modules/Compiler/OrangeC-DetermineCompiler.cmake",
		"/home/jzz0b5/Qt/Tools/CMake/share/cmake-3.29/Modules/Compiler/PGI-DetermineCompiler.cmake",
		"/home/jzz0b5/Qt/Tools/CMake/share/cmake-3.29/Modules/Compiler/PathScale-DetermineCompiler.cmake",
		"/home/jzz0b5/Qt/Tools/CMake/share/cmake-3.29/Modules/Compiler/SCO-DetermineCompiler.cmake",
		"/home/jzz0b5/Qt/Tools/CMake/share/cmake-3.29/Modules/Compiler/SunPro-CXX-DetermineCompiler.cmake",
		"/home/jzz0b5/Qt/Tools/CMake/share/cmake-3.29/Modules/Compiler/TI-DetermineCompiler.cmake",
		"/home/jzz0b5/Qt/Tools/CMake/share/cmake-3.29/Modules/Compiler/TIClang-DetermineCompiler.cmake",
		"/home/jzz0b5/Qt/Tools/CMake/share/cmake-3.29/Modules/Compiler/Tasking-DetermineCompiler.cmake",
		"/home/jzz0b5/Qt/Tools/CMake/share/cmake-3.29/Modules/Compiler/VisualAge-CXX-DetermineCompiler.cmake",
		"/home/jzz0b5/Qt/Tools/CMake/share/cmake-3.29/Modules/Compiler/IBMCPP-CXX-DetermineVersionInternal.cmake",
		"/home/jzz0b5/Qt/Tools/CMake/share/cmake-3.29/Modules/Compiler/Watcom-DetermineCompiler.cmake",
		"/home/jzz0b5/Qt/Tools/CMake/share/cmake-3.29/Modules/Compiler/XL-CXX-DetermineCompiler.cmake",
		"/home/jzz0b5/Qt/Tools/CMake/share/cmake-3.29/Modules/Compiler/IBMCPP-CXX-DetermineVersionInternal.cmake",
		"/home/jzz0b5/Qt/Tools/CMake/share/cmake-3.29/Modules/Compiler/XLClang-CXX-DetermineCompiler.cmake",
		"/home/jzz0b5/Qt/Tools/CMake/share/cmake-3.29/Modules/Compiler/zOS-CXX-DetermineCompiler.cmake",
		"/home/jzz0b5/Qt/Tools/CMake/share/cmake-3.29/Modules/Compiler/IBMCPP-CXX-DetermineVersionInternal.cmake",
		"/home/jzz0b5/Qt/Tools/CMake/share/cmake-3.29/Modules/CMakeFindBinUtils.cmake",
		"/home/jzz0b5/Qt/Tools/CMake/share/cmake-3.29/Modules/Compiler/GNU-FindBinUtils.cmake",
		"/home/jzz0b5/Qt/Tools/CMake/share/cmake-3.29/Modules/CMakeCXXCompiler.cmake.in",
		"/home/jzz0b5/yacto/meta-santhosh/recipes-qt/qml-brightness-socket/qml-brightness-socket/build/Desktop_Qt_6_7_2-Debug/CMakeFiles/3.29.3/CMakeCXXCompiler.cmake",
		"/home/jzz0b5/Qt/Tools/CMake/share/cmake-3.29/Modules/CMakeSystemSpecificInformation.cmake",
		"/home/jzz0b5/Qt/Tools/CMake/share/cmake-3.29/Modules/CMakeGenericSystem.cmake",
		"/home/jzz0b5/Qt/Tools/CMake/share/cmake-3.29/Modules/CMakeInitializeConfigs.cmake",
		"/home/jzz0b5/Qt/Tools/CMake/share/cmake-3.29/Modules/Platform/Linux.cmake",
		"/home/jzz0b5/Qt/Tools/CMake/share/cmake-3.29/Modules/Platform/UnixPaths.cmake",
		"/home/jzz0b5/Qt/Tools/CMake/share/cmake-3.29/Modules/CMakeCXXInformation.cmake",
		"/home/jzz0b5/Qt/Tools/CMake/share/cmake-3.29/Modules/CMakeLanguageInformation.cmake",
		"/home/jzz0b5/Qt/Tools/CMake/share/cmake-3.29/Modules/Compiler/GNU-CXX.cmake",
		"/home/jzz0b5/Qt/Tools/CMake/share/cmake-3.29/Modules/Compiler/GNU.cmake",
		"/home/jzz0b5/Qt/Tools/CMake/share/cmake-3.29/Modules/Compiler/CMakeCommonCompilerMacros.cmake",
		"/home/jzz0b5/Qt/Tools/CMake/share/cmake-3.29/Modules/Platform/Linux-GNU-CXX.cmake",
		"/home/jzz0b5/Qt/Tools/CMake/share/cmake-3.29/Modules/Platform/Linux-GNU.cmake",
		"/home/jzz0b5/Qt/Tools/CMake/share/cmake-3.29/Modules/CMakeCommonLanguageInclude.cmake",
		"/home/jzz0b5/Qt/Tools/CMake/share/cmake-3.29/Modules/CMakeTestCXXCompiler.cmake",
		"/home/jzz0b5/Qt/Tools/CMake/share/cmake-3.29/Modules/CMakeTestCompilerCommon.cmake",
		"/home/jzz0b5/Qt/Tools/CMake/share/cmake-3.29/Modules/CMakeDetermineCompilerABI.cmake",
		"/home/jzz0b5/Qt/Tools/CMake/share/cmake-3.29/Modules/Internal/CMakeDetermineLinkerId.cmake",
		"/home/jzz0b5/Qt/Tools/CMake/share/cmake-3.29/Modules/CMakeParseImplicitIncludeInfo.cmake",
		"/home/jzz0b5/Qt/Tools/CMake/share/cmake-3.29/Modules/CMakeParseImplicitLinkInfo.cmake",
		"/home/jzz0b5/Qt/Tools/CMake/share/cmake-3.29/Modules/CMakeParseLibraryArchitecture.cmake",
		"/home/jzz0b5/Qt/Tools/CMake/share/cmake-3.29/Modules/CMakeTestCompilerCommon.cmake",
		"/home/jzz0b5/Qt/Tools/CMake/share/cmake-3.29/Modules/CMakeCXXCompilerABI.cpp",
		"/home/jzz0b5/Qt/Tools/CMake/share/cmake-3.29/Modules/CMakeDetermineCompileFeatures.cmake",
		"/home/jzz0b5/Qt/Tools/CMake/share/cmake-3.29/Modules/Internal/FeatureTesting.cmake",
		"/home/jzz0b5/Qt/Tools/CMake/share/cmake-3.29/Modules/CMakeCXXCompiler.cmake.in",
		"/home/jzz0b5/yacto/meta-santhosh/recipes-qt/qml-brightness-socket/qml-brightness-socket/build/Desktop_Qt_6_7_2-Debug/CMakeFiles/3.29.3/CMakeCXXCompiler.cmake",
		"/home/jzz0b5/Qt/6.7.2/gcc_64/lib/cmake/Qt6/Qt6ConfigVersion.cmake",
		"/home/jzz0b5/Qt/6.7.2/gcc_64/lib/cmake/Qt6/Qt6ConfigVersionImpl.cmake",
		"/home/jzz0b5/Qt/6.7.2/gcc_64/lib/cmake/Qt6/Qt6Config.cmake",
		"/home/jzz0b5/Qt/6.7.2/gcc_64/lib/cmake/Qt6/Qt6ConfigExtras.cmake",
		"/home/jzz0b5/Qt/6.7.2/gcc_64/lib/cmake/Qt6/QtPublicCMakeVersionHelpers.cmake",
		"/home/jzz0b5/Qt/6.7.2/gcc_64/lib/cmake/Qt6/Qt6Targets.cmake",
		"/home/jzz0b5/Qt/6.7.2/gcc_64/lib/cmake/Qt6/Qt6VersionlessTargets.cmake",
		"/home/jzz0b5/Qt/6.7.2/gcc_64/lib/cmake/Qt6/QtFeature.cmake",
		"/home/jzz0b5/Qt/Tools/CMake/share/cmake-3.29/Modules/CheckCXXCompilerFlag.cmake",
		"/home/jzz0b5/Qt/Tools/CMake/share/cmake-3.29/Modules/Internal/CheckCompilerFlag.cmake",
		"/home/jzz0b5/Qt/Tools/CMake/share/cmake-3.29/Modules/Internal/CheckFlagCommonConfig.cmake",
		"/home/jzz0b5/Qt/Tools/CMake/share/cmake-3.29/Modules/Internal/CheckSourceCompiles.cmake",
		"/home/jzz0b5/Qt/Tools/CMake/share/cmake-3.29/Modules/CMakeCheckCompilerFlagCommonPatterns.cmake",
		"/home/jzz0b5/Qt/Tools/CMake/share/cmake-3.29/Modules/CheckCXXSourceCompiles.cmake",
		"/home/jzz0b5/Qt/Tools/CMake/share/cmake-3.29/Modules/Internal/CheckSourceCompiles.cmake",
		"/home/jzz0b5/Qt/6.7.2/gcc_64/lib/cmake/Qt6/QtFeatureCommon.cmake",
		"/home/jzz0b5/Qt/6.7.2/gcc_64/lib/cmake/Qt6/QtPublicAppleHelpers.cmake",
		"/home/jzz0b5/Qt/6.7.2/gcc_64/lib/cmake/Qt6/QtPublicCMakeHelpers.cmake",
		"/home/jzz0b5/Qt/6.7.2/gcc_64/lib/cmake/Qt6/QtPublicCMakeVersionHelpers.cmake",
		"/home/jzz0b5/Qt/6.7.2/gcc_64/lib/cmake/Qt6/QtPublicDependencyHelpers.cmake",
		"/home/jzz0b5/Qt/6.7.2/gcc_64/lib/cmake/Qt6/QtPublicExternalProjectHelpers.cmake",
		"/home/jzz0b5/Qt/6.7.2/gcc_64/lib/cmake/Qt6/QtPublicFinalizerHelpers.cmake",
		"/home/jzz0b5/Qt/6.7.2/gcc_64/lib/cmake/Qt6/QtPublicFindPackageHelpers.cmake",
		"/home/jzz0b5/Qt/6.7.2/gcc_64/lib/cmake/Qt6/QtPublicPluginHelpers.cmake",
		"/home/jzz0b5/Qt/6.7.2/gcc_64/lib/cmake/Qt6/QtPublicTargetHelpers.cmake",
		"/home/jzz0b5/Qt/6.7.2/gcc_64/lib/cmake/Qt6/QtPublicTestHelpers.cmake",
		"/home/jzz0b5/Qt/6.7.2/gcc_64/lib/cmake/Qt6/QtPublicToolHelpers.cmake",
		"/home/jzz0b5/Qt/6.7.2/gcc_64/lib/cmake/Qt6/QtPublicWalkLibsHelpers.cmake",
		"/home/jzz0b5/Qt/Tools/CMake/share/cmake-3.29/Modules/CMakeFindDependencyMacro.cmake",
		"/home/jzz0b5/Qt/6.7.2/gcc_64/lib/cmake/Qt6/Qt6Dependencies.cmake",
		"/home/jzz0b5/Qt/Tools/CMake/share/cmake-3.29/Modules/FindThreads.cmake",
		"/home/jzz0b5/Qt/Tools/CMake/share/cmake-3.29/Modules/CheckLibraryExists.cmake",
		"/home/jzz0b5/Qt/Tools/CMake/share/cmake-3.29/Modules/CheckIncludeFileCXX.cmake",
		"/home/jzz0b5/Qt/Tools/CMake/share/cmake-3.29/Modules/CheckCXXSourceCompiles.cmake",
		"/home/jzz0b5/Qt/Tools/CMake/share/cmake-3.29/Modules/FindPackageHandleStandardArgs.cmake",
		"/home/jzz0b5/Qt/Tools/CMake/share/cmake-3.29/Modules/FindPackageMessage.cmake",
		"/home/jzz0b5/Qt/6.7.2/gcc_64/lib/cmake/Qt6Quick/Qt6QuickConfigVersion.cmake",
		"/home/jzz0b5/Qt/6.7.2/gcc_64/lib/cmake/Qt6Quick/Qt6QuickConfigVersionImpl.cmake",
		"/home/jzz0b5/Qt/6.7.2/gcc_64/lib/cmake/Qt6Quick/Qt6QuickConfig.cmake",
		"/home/jzz0b5/Qt/Tools/CMake/share/cmake-3.29/Modules/CMakeFindDependencyMacro.cmake",
		"/home/jzz0b5/Qt/6.7.2/gcc_64/lib/cmake/Qt6Quick/Qt6QuickDependencies.cmake",
		"/home/jzz0b5/Qt/6.7.2/gcc_64/lib/cmake/Qt6QuickTools/Qt6QuickToolsConfigVersion.cmake",
		"/home/jzz0b5/Qt/6.7.2/gcc_64/lib/cmake/Qt6QuickTools/Qt6QuickToolsConfigVersionImpl.cmake",
		"/home/jzz0b5/Qt/6.7.2/gcc_64/lib/cmake/Qt6QuickTools/Qt6QuickToolsConfig.cmake",
		"/home/jzz0b5/Qt/Tools/CMake/share/cmake-3.29/Modules/CMakeFindDependencyMacro.cmake",
		"/home/jzz0b5/Qt/6.7.2/gcc_64/lib/cmake/Qt6QuickTools/Qt6QuickToolsDependencies.cmake",
		"/home/jzz0b5/Qt/6.7.2/gcc_64/lib/cmake/Qt6QmlTools/Qt6QmlToolsConfigVersion.cmake",
		"/home/jzz0b5/Qt/6.7.2/gcc_64/lib/cmake/Qt6QmlTools/Qt6QmlToolsConfigVersionImpl.cmake",
		"/home/jzz0b5/Qt/6.7.2/gcc_64/lib/cmake/Qt6QmlTools/Qt6QmlToolsConfig.cmake",
		"/home/jzz0b5/Qt/Tools/CMake/share/cmake-3.29/Modules/CMakeFindDependencyMacro.cmake",
		"/home/jzz0b5/Qt/6.7.2/gcc_64/lib/cmake/Qt6QmlTools/Qt6QmlToolsDependencies.cmake",
		"/home/jzz0b5/Qt/6.7.2/gcc_64/lib/cmake/Qt6QmlTools/Qt6QmlToolsTargets.cmake",
		"/home/jzz0b5/Qt/6.7.2/gcc_64/lib/cmake/Qt6QmlTools/Qt6QmlToolsTargets-relwithdebinfo.cmake",
		"/home/jzz0b5/Qt/6.7.2/gcc_64/lib/cmake/Qt6QmlTools/Qt6QmlToolsAdditionalTargetInfo.cmake",
		"/home/jzz0b5/Qt/6.7.2/gcc_64/lib/cmake/Qt6QmlTools/Qt6QmlToolsVersionlessTargets.cmake",
		"/home/jzz0b5/Qt/6.7.2/gcc_64/lib/cmake/Qt6QuickTools/Qt6QuickToolsTargets.cmake",
		"/home/jzz0b5/Qt/6.7.2/gcc_64/lib/cmake/Qt6QuickTools/Qt6QuickToolsTargets-relwithdebinfo.cmake",
		"/home/jzz0b5/Qt/6.7.2/gcc_64/lib/cmake/Qt6QuickTools/Qt6QuickToolsAdditionalTargetInfo.cmake",
		"/home/jzz0b5/Qt/6.7.2/gcc_64/lib/cmake/Qt6QuickTools/Qt6QuickToolsVersionlessTargets.cmake",
		"/home/jzz0b5/Qt/6.7.2/gcc_64/lib/cmake/Qt6Core/Qt6CoreConfigVersion.cmake",
		"/home/jzz0b5/Qt/6.7.2/gcc_64/lib/cmake/Qt6Core/Qt6CoreConfigVersionImpl.cmake",
		"/home/jzz0b5/Qt/6.7.2/gcc_64/lib/cmake/Qt6Core/Qt6CoreConfig.cmake",
		"/home/jzz0b5/Qt/Tools/CMake/share/cmake-3.29/Modules/CMakeFindDependencyMacro.cmake",
		"/home/jzz0b5/Qt/6.7.2/gcc_64/lib/cmake/Qt6Core/Qt6CoreDependencies.cmake",
		"/home/jzz0b5/Qt/6.7.2/gcc_64/lib/cmake/Qt6/FindWrapAtomic.cmake",
		"/home/jzz0b5/Qt/Tools/CMake/share/cmake-3.29/Modules/CheckCXXSourceCompiles.cmake",
		"/home/jzz0b5/Qt/Tools/CMake/share/cmake-3.29/Modules/FindPackageHandleStandardArgs.cmake",
		"/home/jzz0b5/Qt/Tools/CMake/share/cmake-3.29/Modules/FindPackageMessage.cmake",
		"/home/jzz0b5/Qt/6.7.2/gcc_64/lib/cmake/Qt6CoreTools/Qt6CoreToolsConfigVersion.cmake",
		"/home/jzz0b5/Qt/6.7.2/gcc_64/lib/cmake/Qt6CoreTools/Qt6CoreToolsConfigVersionImpl.cmake",
		"/home/jzz0b5/Qt/6.7.2/gcc_64/lib/cmake/Qt6CoreTools/Qt6CoreToolsConfig.cmake",
		"/home/jzz0b5/Qt/Tools/CMake/share/cmake-3.29/Modules/CMakeFindDependencyMacro.cmake",
		"/home/jzz0b5/Qt/6.7.2/gcc_64/lib/cmake/Qt6CoreTools/Qt6CoreToolsDependencies.cmake",
		"/home/jzz0b5/Qt/6.7.2/gcc_64/lib/cmake/Qt6CoreTools/Qt6CoreToolsTargets.cmake",
		"/home/jzz0b5/Qt/6.7.2/gcc_64/lib/cmake/Qt6CoreTools/Qt6CoreToolsTargets-relwithdebinfo.cmake",
		"/home/jzz0b5/Qt/6.7.2/gcc_64/lib/cmake/Qt6CoreTools/Qt6CoreToolsAdditionalTargetInfo.cmake",
		"/home/jzz0b5/Qt/6.7.2/gcc_64/lib/cmake/Qt6CoreTools/Qt6CoreToolsVersionlessTargets.cmake",
		"/home/jzz0b5/Qt/6.7.2/gcc_64/lib/cmake/Qt6Core/Qt6CoreTargets.cmake",
		"/home/jzz0b5/Qt/6.7.2/gcc_64/lib/cmake/Qt6Core/Qt6CoreTargets-relwithdebinfo.cmake",
		"/home/jzz0b5/Qt/6.7.2/gcc_64/lib/cmake/Qt6Core/Qt6CoreAdditionalTargetInfo.cmake",
		"/home/jzz0b5/Qt/6.7.2/gcc_64/lib/cmake/Qt6Core/Qt6CoreVersionlessTargets.cmake",
		"/home/jzz0b5/Qt/6.7.2/gcc_64/lib/cmake/Qt6Core/Qt6CoreMacros.cmake",
		"/home/jzz0b5/Qt/6.7.2/gcc_64/lib/cmake/Qt6Core/Qt6CoreConfigExtras.cmake",
		"/home/jzz0b5/Qt/6.7.2/gcc_64/lib/cmake/Qt6Core/QtInstallPaths.cmake",
		"/home/jzz0b5/Qt/Tools/CMake/share/cmake-3.29/Modules/GNUInstallDirs.cmake",
		"/home/jzz0b5/Qt/6.7.2/gcc_64/lib/cmake/Qt6Gui/Qt6GuiConfigVersion.cmake",
		"/home/jzz0b5/Qt/6.7.2/gcc_64/lib/cmake/Qt6Gui/Qt6GuiConfigVersionImpl.cmake",
		"/home/jzz0b5/Qt/6.7.2/gcc_64/lib/cmake/Qt6Gui/Qt6GuiConfig.cmake",
		"/home/jzz0b5/Qt/Tools/CMake/share/cmake-3.29/Modules/CMakeFindDependencyMacro.cmake",
		"/home/jzz0b5/Qt/6.7.2/gcc_64/lib/cmake/Qt6Gui/Qt6GuiDependencies.cmake",
		"/home/jzz0b5/Qt/6.7.2/gcc_64/lib/cmake/Qt6/FindWrapOpenGL.cmake",
		"/home/jzz0b5/Qt/Tools/CMake/share/cmake-3.29/Modules/FindOpenGL.cmake",
		"/home/jzz0b5/Qt/Tools/CMake/share/cmake-3.29/Modules/FindPackageHandleStandardArgs.cmake",
		"/home/jzz0b5/Qt/Tools/CMake/share/cmake-3.29/Modules/FindPackageMessage.cmake",
		"/home/jzz0b5/Qt/Tools/CMake/share/cmake-3.29/Modules/FindPackageHandleStandardArgs.cmake",
		"/home/jzz0b5/Qt/Tools/CMake/share/cmake-3.29/Modules/FindPackageMessage.cmake",
		"/home/jzz0b5/Qt/6.7.2/gcc_64/lib/cmake/Qt6/3rdparty/kwin/FindXKB.cmake",
		"/home/jzz0b5/Qt/Tools/CMake/share/cmake-3.29/Modules/FindPkgConfig.cmake",
		"/home/jzz0b5/Qt/Tools/CMake/share/cmake-3.29/Modules/FindPackageHandleStandardArgs.cmake",
		"/home/jzz0b5/Qt/Tools/CMake/share/cmake-3.29/Modules/FindPackageMessage.cmake",
		"/home/jzz0b5/Qt/Tools/CMake/share/cmake-3.29/Modules/FindPackageHandleStandardArgs.cmake",
		"/home/jzz0b5/Qt/Tools/CMake/share/cmake-3.29/Modules/FindPackageMessage.cmake",
		"/home/jzz0b5/Qt/Tools/CMake/share/cmake-3.29/Modules/FeatureSummary.cmake",
		"/home/jzz0b5/Qt/6.7.2/gcc_64/lib/cmake/Qt6/FindWrapVulkanHeaders.cmake",
		"/home/jzz0b5/Qt/Tools/CMake/share/cmake-3.29/Modules/FindVulkan.cmake",
		"/home/jzz0b5/Qt/Tools/CMake/share/cmake-3.29/Modules/FindPackageHandleStandardArgs.cmake",
		"/home/jzz0b5/Qt/Tools/CMake/share/cmake-3.29/Modules/FindPackageMessage.cmake",
		"/home/jzz0b5/Qt/Tools/CMake/share/cmake-3.29/Modules/FindPackageHandleStandardArgs.cmake",
		"/home/jzz0b5/Qt/Tools/CMake/share/cmake-3.29/Modules/FindPackageMessage.cmake",
		"/home/jzz0b5/Qt/6.7.2/gcc_64/lib/cmake/Qt6GuiTools/Qt6GuiToolsConfigVersion.cmake",
		"/home/jzz0b5/Qt/6.7.2/gcc_64/lib/cmake/Qt6GuiTools/Qt6GuiToolsConfigVersionImpl.cmake",
		"/home/jzz0b5/Qt/6.7.2/gcc_64/lib/cmake/Qt6GuiTools/Qt6GuiToolsConfig.cmake",
		"/home/jzz0b5/Qt/Tools/CMake/share/cmake-3.29/Modules/CMakeFindDependencyMacro.cmake",
		"/home/jzz0b5/Qt/6.7.2/gcc_64/lib/cmake/Qt6GuiTools/Qt6GuiToolsDependencies.cmake",
		"/home/jzz0b5/Qt/6.7.2/gcc_64/lib/cmake/Qt6GuiTools/Qt6GuiToolsTargets.cmake",
		"/home/jzz0b5/Qt/6.7.2/gcc_64/lib/cmake/Qt6GuiTools/Qt6GuiToolsTargets-relwithdebinfo.cmake",
		"/home/jzz0b5/Qt/6.7.2/gcc_64/lib/cmake/Qt6GuiTools/Qt6GuiToolsAdditionalTargetInfo.cmake",
		"/home/jzz0b5/Qt/6.7.2/gcc_64/lib/cmake/Qt6GuiTools/Qt6GuiToolsVersionlessTargets.cmake",
		"/home/jzz0b5/Qt/6.7.2/gcc_64/lib/cmake/Qt6DBus/Qt6DBusConfigVersion.cmake",
		"/home/jzz0b5/Qt/6.7.2/gcc_64/lib/cmake/Qt6DBus/Qt6DBusConfigVersionImpl.cmake",
		"/home/jzz0b5/Qt/6.7.2/gcc_64/lib/cmake/Qt6DBus/Qt6DBusConfig.cmake",
		"/home/jzz0b5/Qt/Tools/CMake/share/cmake-3.29/Modules/CMakeFindDependencyMacro.cmake",
		"/home/jzz0b5/Qt/6.7.2/gcc_64/lib/cmake/Qt6DBus/Qt6DBusDependencies.cmake",
		"/home/jzz0b5/Qt/6.7.2/gcc_64/lib/cmake/Qt6DBusTools/Qt6DBusToolsConfigVersion.cmake",
		"/home/jzz0b5/Qt/6.7.2/gcc_64/lib/cmake/Qt6DBusTools/Qt6DBusToolsConfigVersionImpl.cmake",
		"/home/jzz0b5/Qt/6.7.2/gcc_64/lib/cmake/Qt6DBusTools/Qt6DBusToolsConfig.cmake",
		"/home/jzz0b5/Qt/Tools/CMake/share/cmake-3.29/Modules/CMakeFindDependencyMacro.cmake",
		"/home/jzz0b5/Qt/6.7.2/gcc_64/lib/cmake/Qt6DBusTools/Qt6DBusToolsDependencies.cmake",
		"/home/jzz0b5/Qt/6.7.2/gcc_64/lib/cmake/Qt6DBusTools/Qt6DBusToolsTargets.cmake",
		"/home/jzz0b5/Qt/6.7.2/gcc_64/lib/cmake/Qt6DBusTools/Qt6DBusToolsTargets-relwithdebinfo.cmake",
		"/home/jzz0b5/Qt/6.7.2/gcc_64/lib/cmake/Qt6DBusTools/Qt6DBusToolsAdditionalTargetInfo.cmake",
		"/home/jzz0b5/Qt/6.7.2/gcc_64/lib/cmake/Qt6DBusTools/Qt6DBusToolsVersionlessTargets.cmake",
		"/home/jzz0b5/Qt/6.7.2/gcc_64/lib/cmake/Qt6DBus/Qt6DBusTargets.cmake",
		"/home/jzz0b5/Qt/6.7.2/gcc_64/lib/cmake/Qt6DBus/Qt6DBusTargets-relwithdebinfo.cmake",
		"/home/jzz0b5/Qt/6.7.2/gcc_64/lib/cmake/Qt6DBus/Qt6DBusAdditionalTargetInfo.cmake",
		"/home/jzz0b5/Qt/6.7.2/gcc_64/lib/cmake/Qt6DBus/Qt6DBusVersionlessTargets.cmake",
		"/home/jzz0b5/Qt/6.7.2/gcc_64/lib/cmake/Qt6DBus/Qt6DBusMacros.cmake",
		"/home/jzz0b5/Qt/Tools/CMake/share/cmake-3.29/Modules/MacroAddFileDependencies.cmake",
		"/home/jzz0b5/Qt/6.7.2/gcc_64/lib/cmake/Qt6Gui/Qt6GuiTargets.cmake",
		"/home/jzz0b5/Qt/6.7.2/gcc_64/lib/cmake/Qt6Gui/Qt6GuiTargets-relwithdebinfo.cmake",
		"/home/jzz0b5/Qt/6.7.2/gcc_64/lib/cmake/Qt6Gui/Qt6GuiAdditionalTargetInfo.cmake",
		"/home/jzz0b5/Qt/6.7.2/gcc_64/lib/cmake/Qt6Gui/Qt6GuiVersionlessTargets.cmake",
		"/home/jzz0b5/Qt/6.7.2/gcc_64/lib/cmake/Qt6Gui/Qt6GuiPlugins.cmake",
		"/home/jzz0b5/Qt/6.7.2/gcc_64/lib/cmake/Qt6Gui/Qt6QComposePlatformInputContextPluginConfig.cmake",
		"/home/jzz0b5/Qt/Tools/CMake/share/cmake-3.29/Modules/CMakeFindDependencyMacro.cmake",
		"/home/jzz0b5/Qt/6.7.2/gcc_64/lib/cmake/Qt6Gui/Qt6QComposePlatformInputContextPluginTargets.cmake",
		"/home/jzz0b5/Qt/6.7.2/gcc_64/lib/cmake/Qt6Gui/Qt6QComposePlatformInputContextPluginTargets-relwithdebinfo.cmake",
		"/home/jzz0b5/Qt/6.7.2/gcc_64/lib/cmake/Qt6Gui/Qt6QComposePlatformInputContextPluginAdditionalTargetInfo.cmake",
		"/home/jzz0b5/Qt/6.7.2/gcc_64/lib/cmake/Qt6Gui/Qt6QEglFSEmulatorIntegrationPluginConfig.cmake",
		"/home/jzz0b5/Qt/Tools/CMake/share/cmake-3.29/Modules/CMakeFindDependencyMacro.cmake",
		"/home/jzz0b5/Qt/6.7.2/gcc_64/lib/cmake/Qt6Gui/Qt6QEglFSEmulatorIntegrationPluginTargets.cmake",
		"/home/jzz0b5/Qt/6.7.2/gcc_64/lib/cmake/Qt6Gui/Qt6QEglFSEmulatorIntegrationPluginTargets-relwithdebinfo.cmake",
		"/home/jzz0b5/Qt/6.7.2/gcc_64/lib/cmake/Qt6Gui/Qt6QEglFSEmulatorIntegrationPluginAdditionalTargetInfo.cmake",
		"/home/jzz0b5/Qt/6.7.2/gcc_64/lib/cmake/Qt6Gui/Qt6QEglFSIntegrationPluginConfig.cmake",
		"/home/jzz0b5/Qt/Tools/CMake/share/cmake-3.29/Modules/CMakeFindDependencyMacro.cmake",
		"/home/jzz0b5/Qt/6.7.2/gcc_64/lib/cmake/Qt6Gui/Qt6QEglFSIntegrationPluginTargets.cmake",
		"/home/jzz0b5/Qt/6.7.2/gcc_64/lib/cmake/Qt6Gui/Qt6QEglFSIntegrationPluginTargets-relwithdebinfo.cmake",
		"/home/jzz0b5/Qt/6.7.2/gcc_64/lib/cmake/Qt6Gui/Qt6QEglFSIntegrationPluginAdditionalTargetInfo.cmake",
		"/home/jzz0b5/Qt/6.7.2/gcc_64/lib/cmake/Qt6Gui/Qt6QEglFSKmsEglDeviceIntegrationPluginConfig.cmake",
		"/home/jzz0b5/Qt/Tools/CMake/share/cmake-3.29/Modules/CMakeFindDependencyMacro.cmake",
		"/home/jzz0b5/Qt/6.7.2/gcc_64/lib/cmake/Qt6Gui/Qt6QEglFSKmsEglDeviceIntegrationPluginTargets.cmake",
		"/home/jzz0b5/Qt/6.7.2/gcc_64/lib/cmake/Qt6Gui/Qt6QEglFSKmsEglDeviceIntegrationPluginTargets-relwithdebinfo.cmake",
		"/home/jzz0b5/Qt/6.7.2/gcc_64/lib/cmake/Qt6Gui/Qt6QEglFSKmsEglDeviceIntegrationPluginAdditionalTargetInfo.cmake",
		"/home/jzz0b5/Qt/6.7.2/gcc_64/lib/cmake/Qt6Gui/Qt6QEglFSKmsGbmIntegrationPluginConfig.cmake",
		"/home/jzz0b5/Qt/Tools/CMake/share/cmake-3.29/Modules/CMakeFindDependencyMacro.cmake",
		"/home/jzz0b5/Qt/6.7.2/gcc_64/lib/cmake/Qt6Gui/Qt6QEglFSKmsGbmIntegrationPluginTargets.cmake",
		"/home/jzz0b5/Qt/6.7.2/gcc_64/lib/cmake/Qt6Gui/Qt6QEglFSKmsGbmIntegrationPluginTargets-relwithdebinfo.cmake",
		"/home/jzz0b5/Qt/6.7.2/gcc_64/lib/cmake/Qt6Gui/Qt6QEglFSKmsGbmIntegrationPluginAdditionalTargetInfo.cmake",
		"/home/jzz0b5/Qt/6.7.2/gcc_64/lib/cmake/Qt6Gui/Qt6QEglFSX11IntegrationPluginConfig.cmake",
		"/home/jzz0b5/Qt/Tools/CMake/share/cmake-3.29/Modules/CMakeFindDependencyMacro.cmake",
		"/home/jzz0b5/Qt/6.7.2/gcc_64/lib/cmake/Qt6Gui/Qt6QEglFSX11IntegrationPluginTargets.cmake",
		"/home/jzz0b5/Qt/6.7.2/gcc_64/lib/cmake/Qt6Gui/Qt6QEglFSX11IntegrationPluginTargets-relwithdebinfo.cmake",
		"/home/jzz0b5/Qt/6.7.2/gcc_64/lib/cmake/Qt6Gui/Qt6QEglFSX11IntegrationPluginAdditionalTargetInfo.cmake",
		"/home/jzz0b5/Qt/6.7.2/gcc_64/lib/cmake/Qt6Gui/Qt6QEvdevKeyboardPluginConfig.cmake",
		"/home/jzz0b5/Qt/Tools/CMake/share/cmake-3.29/Modules/CMakeFindDependencyMacro.cmake",
		"/home/jzz0b5/Qt/6.7.2/gcc_64/lib/cmake/Qt6Gui/Qt6QEvdevKeyboardPluginTargets.cmake",
		"/home/jzz0b5/Qt/6.7.2/gcc_64/lib/cmake/Qt6Gui/Qt6QEvdevKeyboardPluginTargets-relwithdebinfo.cmake",
		"/home/jzz0b5/Qt/6.7.2/gcc_64/lib/cmake/Qt6Gui/Qt6QEvdevKeyboardPluginAdditionalTargetInfo.cmake",
		"/home/jzz0b5/Qt/6.7.2/gcc_64/lib/cmake/Qt6Gui/Qt6QEvdevMousePluginConfig.cmake",
		"/home/jzz0b5/Qt/Tools/CMake/share/cmake-3.29/Modules/CMakeFindDependencyMacro.cmake",
		"/home/jzz0b5/Qt/6.7.2/gcc_64/lib/cmake/Qt6Gui/Qt6QEvdevMousePluginTargets.cmake",
		"/home/jzz0b5/Qt/6.7.2/gcc_64/lib/cmake/Qt6Gui/Qt6QEvdevMousePluginTargets-relwithdebinfo.cmake",
		"/home/jzz0b5/Qt/6.7.2/gcc_64/lib/cmake/Qt6Gui/Qt6QEvdevMousePluginAdditionalTargetInfo.cmake",
		"/home/jzz0b5/Qt/6.7.2/gcc_64/lib/cmake/Qt6Gui/Qt6QEvdevTabletPluginConfig.cmake",
		"/home/jzz0b5/Qt/Tools/CMake/share/cmake-3.29/Modules/CMakeFindDependencyMacro.cmake",
		"/home/jzz0b5/Qt/6.7.2/gcc_64/lib/cmake/Qt6Gui/Qt6QEvdevTabletPluginTargets.cmake",
		"/home/jzz0b5/Qt/6.7.2/gcc_64/lib/cmake/Qt6Gui/Qt6QEvdevTabletPluginTargets-relwithdebinfo.cmake",
		"/home/jzz0b5/Qt/6.7.2/gcc_64/lib/cmake/Qt6Gui/Qt6QEvdevTabletPluginAdditionalTargetInfo.cmake",
		"/home/jzz0b5/Qt/6.7.2/gcc_64/lib/cmake/Qt6Gui/Qt6QEvdevTouchScreenPluginConfig.cmake",
		"/home/jzz0b5/Qt/Tools/CMake/share/cmake-3.29/Modules/CMakeFindDependencyMacro.cmake",
		"/home/jzz0b5/Qt/6.7.2/gcc_64/lib/cmake/Qt6Gui/Qt6QEvdevTouchScreenPluginTargets.cmake",
		"/home/jzz0b5/Qt/6.7.2/gcc_64/lib/cmake/Qt6Gui/Qt6QEvdevTouchScreenPluginTargets-relwithdebinfo.cmake",
		"/home/jzz0b5/Qt/6.7.2/gcc_64/lib/cmake/Qt6Gui/Qt6QEvdevTouchScreenPluginAdditionalTargetInfo.cmake",
		"/home/jzz0b5/Qt/6.7.2/gcc_64/lib/cmake/Qt6Gui/Qt6QGifPluginConfig.cmake",
		"/home/jzz0b5/Qt/Tools/CMake/share/cmake-3.29/Modules/CMakeFindDependencyMacro.cmake",
		"/home/jzz0b5/Qt/6.7.2/gcc_64/lib/cmake/Qt6Gui/Qt6QGifPluginTargets.cmake",
		"/home/jzz0b5/Qt/6.7.2/gcc_64/lib/cmake/Qt6Gui/Qt6QGifPluginTargets-relwithdebinfo.cmake",
		"/home/jzz0b5/Qt/6.7.2/gcc_64/lib/cmake/Qt6Gui/Qt6QGifPluginAdditionalTargetInfo.cmake",
		"/home/jzz0b5/Qt/6.7.2/gcc_64/lib/cmake/Qt6Gui/Qt6QGtk3ThemePluginConfig.cmake",
		"/home/jzz0b5/Qt/Tools/CMake/share/cmake-3.29/Modules/CMakeFindDependencyMacro.cmake",
		"/home/jzz0b5/Qt/6.7.2/gcc_64/lib/cmake/Qt6Gui/Qt6QGtk3ThemePluginTargets.cmake",
		"/home/jzz0b5/Qt/6.7.2/gcc_64/lib/cmake/Qt6Gui/Qt6QGtk3ThemePluginTargets-relwithdebinfo.cmake",
		"/home/jzz0b5/Qt/6.7.2/gcc_64/lib/cmake/Qt6Gui/Qt6QGtk3ThemePluginAdditionalTargetInfo.cmake",
		"/home/jzz0b5/Qt/6.7.2/gcc_64/lib/cmake/Qt6Gui/Qt6QICOPluginConfig.cmake",
		"/home/jzz0b5/Qt/Tools/CMake/share/cmake-3.29/Modules/CMakeFindDependencyMacro.cmake",
		"/home/jzz0b5/Qt/6.7.2/gcc_64/lib/cmake/Qt6Gui/Qt6QICOPluginTargets.cmake",
		"/home/jzz0b5/Qt/6.7.2/gcc_64/lib/cmake/Qt6Gui/Qt6QICOPluginTargets-relwithdebinfo.cmake",
		"/home/jzz0b5/Qt/6.7.2/gcc_64/lib/cmake/Qt6Gui/Qt6QICOPluginAdditionalTargetInfo.cmake",
		"/home/jzz0b5/Qt/6.7.2/gcc_64/lib/cmake/Qt6Gui/Qt6QIbusPlatformInputContextPluginConfig.cmake",
		"/home/jzz0b5/Qt/Tools/CMake/share/cmake-3.29/Modules/CMakeFindDependencyMacro.cmake",
		"/home/jzz0b5/Qt/6.7.2/gcc_64/lib/cmake/Qt6Gui/Qt6QIbusPlatformInputContextPluginTargets.cmake",
		"/home/jzz0b5/Qt/6.7.2/gcc_64/lib/cmake/Qt6Gui/Qt6QIbusPlatformInputContextPluginTargets-relwithdebinfo.cmake",
		"/home/jzz0b5/Qt/6.7.2/gcc_64/lib/cmake/Qt6Gui/Qt6QIbusPlatformInputContextPluginAdditionalTargetInfo.cmake",
		"/home/jzz0b5/Qt/6.7.2/gcc_64/lib/cmake/Qt6Gui/Qt6QJpegPluginConfig.cmake",
		"/home/jzz0b5/Qt/Tools/CMake/share/cmake-3.29/Modules/CMakeFindDependencyMacro.cmake",
		"/home/jzz0b5/Qt/6.7.2/gcc_64/lib/cmake/Qt6Gui/Qt6QJpegPluginTargets.cmake",
		"/home/jzz0b5/Qt/6.7.2/gcc_64/lib/cmake/Qt6Gui/Qt6QJpegPluginTargets-relwithdebinfo.cmake",
		"/home/jzz0b5/Qt/6.7.2/gcc_64/lib/cmake/Qt6Gui/Qt6QJpegPluginAdditionalTargetInfo.cmake",
		"/home/jzz0b5/Qt/6.7.2/gcc_64/lib/cmake/Qt6Gui/Qt6QLinuxFbIntegrationPluginConfig.cmake",
		"/home/jzz0b5/Qt/Tools/CMake/share/cmake-3.29/Modules/CMakeFindDependencyMacro.cmake",
		"/home/jzz0b5/Qt/6.7.2/gcc_64/lib/cmake/Qt6Gui/Qt6QLinuxFbIntegrationPluginTargets.cmake",
		"/home/jzz0b5/Qt/6.7.2/gcc_64/lib/cmake/Qt6Gui/Qt6QLinuxFbIntegrationPluginTargets-relwithdebinfo.cmake",
		"/home/jzz0b5/Qt/6.7.2/gcc_64/lib/cmake/Qt6Gui/Qt6QLinuxFbIntegrationPluginAdditionalTargetInfo.cmake",
		"/home/jzz0b5/Qt/6.7.2/gcc_64/lib/cmake/Qt6Gui/Qt6QMinimalEglIntegrationPluginConfig.cmake",
		"/home/jzz0b5/Qt/Tools/CMake/share/cmake-3.29/Modules/CMakeFindDependencyMacro.cmake",
		"/home/jzz0b5/Qt/6.7.2/gcc_64/lib/cmake/Qt6Gui/Qt6QMinimalEglIntegrationPluginTargets.cmake",
		"/home/jzz0b5/Qt/6.7.2/gcc_64/lib/cmake/Qt6Gui/Qt6QMinimalEglIntegrationPluginTargets-relwithdebinfo.cmake",
		"/home/jzz0b5/Qt/6.7.2/gcc_64/lib/cmake/Qt6Gui/Qt6QMinimalEglIntegrationPluginAdditionalTargetInfo.cmake",
		"/home/jzz0b5/Qt/6.7.2/gcc_64/lib/cmake/Qt6Gui/Qt6QMinimalIntegrationPluginConfig.cmake",
		"/home/jzz0b5/Qt/Tools/CMake/share/cmake-3.29/Modules/CMakeFindDependencyMacro.cmake",
		"/home/jzz0b5/Qt/6.7.2/gcc_64/lib/cmake/Qt6Gui/Qt6QMinimalIntegrationPluginTargets.cmake",
		"/home/jzz0b5/Qt/6.7.2/gcc_64/lib/cmake/Qt6Gui/Qt6QMinimalIntegrationPluginTargets-relwithdebinfo.cmake",
		"/home/jzz0b5/Qt/6.7.2/gcc_64/lib/cmake/Qt6Gui/Qt6QMinimalIntegrationPluginAdditionalTargetInfo.cmake",
		"/home/jzz0b5/Qt/6.7.2/gcc_64/lib/cmake/Qt6Gui/Qt6QOffscreenIntegrationPluginConfig.cmake",
		"/home/jzz0b5/Qt/Tools/CMake/share/cmake-3.29/Modules/CMakeFindDependencyMacro.cmake",
		"/home/jzz0b5/Qt/6.7.2/gcc_64/lib/cmake/Qt6Gui/Qt6QOffscreenIntegrationPluginTargets.cmake",
		"/home/jzz0b5/Qt/6.7.2/gcc_64/lib/cmake/Qt6Gui/Qt6QOffscreenIntegrationPluginTargets-relwithdebinfo.cmake",
		"/home/jzz0b5/Qt/6.7.2/gcc_64/lib/cmake/Qt6Gui/Qt6QOffscreenIntegrationPluginAdditionalTargetInfo.cmake",
		"/home/jzz0b5/Qt/6.7.2/gcc_64/lib/cmake/Qt6Gui/Qt6QSvgIconPluginConfig.cmake",
		"/home/jzz0b5/Qt/Tools/CMake/share/cmake-3.29/Modules/CMakeFindDependencyMacro.cmake",
		"/home/jzz0b5/Qt/6.7.2/gcc_64/lib/cmake/Qt6Gui/Qt6QSvgIconPluginTargets.cmake",
		"/home/jzz0b5/Qt/6.7.2/gcc_64/lib/cmake/Qt6Gui/Qt6QSvgIconPluginTargets-relwithdebinfo.cmake",
		"/home/jzz0b5/Qt/6.7.2/gcc_64/lib/cmake/Qt6Gui/Qt6QSvgIconPluginAdditionalTargetInfo.cmake",
		"/home/jzz0b5/Qt/6.7.2/gcc_64/lib/cmake/Qt6Gui/Qt6QSvgPluginConfig.cmake",
		"/home/jzz0b5/Qt/Tools/CMake/share/cmake-3.29/Modules/CMakeFindDependencyMacro.cmake",
		"/home/jzz0b5/Qt/6.7.2/gcc_64/lib/cmake/Qt6Gui/Qt6QSvgPluginTargets.cmake",
		"/home/jzz0b5/Qt/6.7.2/gcc_64/lib/cmake/Qt6Gui/Qt6QSvgPluginTargets-relwithdebinfo.cmake",
		"/home/jzz0b5/Qt/6.7.2/gcc_64/lib/cmake/Qt6Gui/Qt6QSvgPluginAdditionalTargetInfo.cmake",
		"/home/jzz0b5/Qt/6.7.2/gcc_64/lib/cmake/Qt6Gui/Qt6QTuioTouchPluginConfig.cmake",
		"/home/jzz0b5/Qt/Tools/CMake/share/cmake-3.29/Modules/CMakeFindDependencyMacro.cmake",
		"/home/jzz0b5/Qt/6.7.2/gcc_64/lib/cmake/Qt6Gui/Qt6QTuioTouchPluginTargets.cmake",
		"/home/jzz0b5/Qt/6.7.2/gcc_64/lib/cmake/Qt6Gui/Qt6QTuioTouchPluginTargets-relwithdebinfo.cmake",
		"/home/jzz0b5/Qt/6.7.2/gcc_64/lib/cmake/Qt6Gui/Qt6QTuioTouchPluginAdditionalTargetInfo.cmake",
		"/home/jzz0b5/Qt/6.7.2/gcc_64/lib/cmake/Qt6Gui/Qt6QVkKhrDisplayIntegrationPluginConfig.cmake",
		"/home/jzz0b5/Qt/Tools/CMake/share/cmake-3.29/Modules/CMakeFindDependencyMacro.cmake",
		"/home/jzz0b5/Qt/6.7.2/gcc_64/lib/cmake/Qt6Gui/Qt6QVkKhrDisplayIntegrationPluginTargets.cmake",
		"/home/jzz0b5/Qt/6.7.2/gcc_64/lib/cmake/Qt6Gui/Qt6QVkKhrDisplayIntegrationPluginTargets-relwithdebinfo.cmake",
		"/home/jzz0b5/Qt/6.7.2/gcc_64/lib/cmake/Qt6Gui/Qt6QVkKhrDisplayIntegrationPluginAdditionalTargetInfo.cmake",
		"/home/jzz0b5/Qt/6.7.2/gcc_64/lib/cmake/Qt6Gui/Qt6QVncIntegrationPluginConfig.cmake",
		"/home/jzz0b5/Qt/Tools/CMake/share/cmake-3.29/Modules/CMakeFindDependencyMacro.cmake",
		"/home/jzz0b5/Qt/6.7.2/gcc_64/lib/cmake/Qt6Gui/Qt6QVncIntegrationPluginTargets.cmake",
		"/home/jzz0b5/Qt/6.7.2/gcc_64/lib/cmake/Qt6Gui/Qt6QVncIntegrationPluginTargets-relwithdebinfo.cmake",
		"/home/jzz0b5/Qt/6.7.2/gcc_64/lib/cmake/Qt6Gui/Qt6QVncIntegrationPluginAdditionalTargetInfo.cmake",
		"/home/jzz0b5/Qt/6.7.2/gcc_64/lib/cmake/Qt6Gui/Qt6QWaylandEglPlatformIntegrationPluginConfig.cmake",
		"/home/jzz0b5/Qt/Tools/CMake/share/cmake-3.29/Modules/CMakeFindDependencyMacro.cmake",
		"/home/jzz0b5/Qt/6.7.2/gcc_64/lib/cmake/Qt6Gui/Qt6QWaylandEglPlatformIntegrationPluginTargets.cmake",
		"/home/jzz0b5/Qt/6.7.2/gcc_64/lib/cmake/Qt6Gui/Qt6QWaylandEglPlatformIntegrationPluginTargets-relwithdebinfo.cmake",
		"/home/jzz0b5/Qt/6.7.2/gcc_64/lib/cmake/Qt6Gui/Qt6QWaylandEglPlatformIntegrationPluginAdditionalTargetInfo.cmake",
		"/home/jzz0b5/Qt/6.7.2/gcc_64/lib/cmake/Qt6Gui/Qt6QWaylandIntegrationPluginConfig.cmake",
		"/home/jzz0b5/Qt/Tools/CMake/share/cmake-3.29/Modules/CMakeFindDependencyMacro.cmake",
		"/home/jzz0b5/Qt/6.7.2/gcc_64/lib/cmake/Qt6Gui/Qt6QWaylandIntegrationPluginTargets.cmake",
		"/home/jzz0b5/Qt/6.7.2/gcc_64/lib/cmake/Qt6Gui/Qt6QWaylandIntegrationPluginTargets-relwithdebinfo.cmake",
		"/home/jzz0b5/Qt/6.7.2/gcc_64/lib/cmake/Qt6Gui/Qt6QWaylandIntegrationPluginAdditionalTargetInfo.cmake",
		"/home/jzz0b5/Qt/6.7.2/gcc_64/lib/cmake/Qt6Gui/Qt6QXcbEglIntegrationPluginConfig.cmake",
		"/home/jzz0b5/Qt/Tools/CMake/share/cmake-3.29/Modules/CMakeFindDependencyMacro.cmake",
		"/home/jzz0b5/Qt/6.7.2/gcc_64/lib/cmake/Qt6Gui/Qt6QXcbEglIntegrationPluginTargets.cmake",
		"/home/jzz0b5/Qt/6.7.2/gcc_64/lib/cmake/Qt6Gui/Qt6QXcbEglIntegrationPluginTargets-relwithdebinfo.cmake",
		"/home/jzz0b5/Qt/6.7.2/gcc_64/lib/cmake/Qt6Gui/Qt6QXcbEglIntegrationPluginAdditionalTargetInfo.cmake",
		"/home/jzz0b5/Qt/6.7.2/gcc_64/lib/cmake/Qt6Gui/Qt6QXcbGlxIntegrationPluginConfig.cmake",
		"/home/jzz0b5/Qt/Tools/CMake/share/cmake-3.29/Modules/CMakeFindDependencyMacro.cmake",
		"/home/jzz0b5/Qt/6.7.2/gcc_64/lib/cmake/Qt6Gui/Qt6QXcbGlxIntegrationPluginTargets.cmake",
		"/home/jzz0b5/Qt/6.7.2/gcc_64/lib/cmake/Qt6Gui/Qt6QXcbGlxIntegrationPluginTargets-relwithdebinfo.cmake",
		"/home/jzz0b5/Qt/6.7.2/gcc_64/lib/cmake/Qt6Gui/Qt6QXcbGlxIntegrationPluginAdditionalTargetInfo.cmake",
		"/home/jzz0b5/Qt/6.7.2/gcc_64/lib/cmake/Qt6Gui/Qt6QXcbIntegrationPluginConfig.cmake",
		"/home/jzz0b5/Qt/Tools/CMake/share/cmake-3.29/Modules/CMakeFindDependencyMacro.cmake",
		"/home/jzz0b5/Qt/6.7.2/gcc_64/lib/cmake/Qt6Gui/Qt6QXcbIntegrationPluginTargets.cmake",
		"/home/jzz0b5/Qt/6.7.2/gcc_64/lib/cmake/Qt6Gui/Qt6QXcbIntegrationPluginTargets-relwithdebinfo.cmake",
		"/home/jzz0b5/Qt/6.7.2/gcc_64/lib/cmake/Qt6Gui/Qt6QXcbIntegrationPluginAdditionalTargetInfo.cmake",
		"/home/jzz0b5/Qt/6.7.2/gcc_64/lib/cmake/Qt6Gui/Qt6QXdgDesktopPortalThemePluginConfig.cmake",
		"/home/jzz0b5/Qt/Tools/CMake/share/cmake-3.29/Modules/CMakeFindDependencyMacro.cmake",
		"/home/jzz0b5/Qt/6.7.2/gcc_64/lib/cmake/Qt6Gui/Qt6QXdgDesktopPortalThemePluginTargets.cmake",
		"/home/jzz0b5/Qt/6.7.2/gcc_64/lib/cmake/Qt6Gui/Qt6QXdgDesktopPortalThemePluginTargets-relwithdebinfo.cmake",
		"/home/jzz0b5/Qt/6.7.2/gcc_64/lib/cmake/Qt6Gui/Qt6QXdgDesktopPortalThemePluginAdditionalTargetInfo.cmake",
		"/home/jzz0b5/Qt/6.7.2/gcc_64/lib/cmake/Qt6Qml/Qt6QmlConfigVersion.cmake",
		"/home/jzz0b5/Qt/6.7.2/gcc_64/lib/cmake/Qt6Qml/Qt6QmlConfigVersionImpl.cmake",
		"/home/jzz0b5/Qt/6.7.2/gcc_64/lib/cmake/Qt6Qml/Qt6QmlConfig.cmake",
		"/home/jzz0b5/Qt/Tools/CMake/share/cmake-3.29/Modules/CMakeFindDependencyMacro.cmake",
		"/home/jzz0b5/Qt/6.7.2/gcc_64/lib/cmake/Qt6Qml/Qt6QmlDependencies.cmake",
		"/home/jzz0b5/Qt/6.7.2/gcc_64/lib/cmake/Qt6QmlTools/Qt6QmlToolsConfigVersion.cmake",
		"/home/jzz0b5/Qt/6.7.2/gcc_64/lib/cmake/Qt6QmlTools/Qt6QmlToolsConfigVersionImpl.cmake",
		"/home/jzz0b5/Qt/6.7.2/gcc_64/lib/cmake/Qt6QmlTools/Qt6QmlToolsConfig.cmake",
		"/home/jzz0b5/Qt/Tools/CMake/share/cmake-3.29/Modules/CMakeFindDependencyMacro.cmake",
		"/home/jzz0b5/Qt/6.7.2/gcc_64/lib/cmake/Qt6QmlTools/Qt6QmlToolsDependencies.cmake",
		"/home/jzz0b5/Qt/6.7.2/gcc_64/lib/cmake/Qt6QmlTools/Qt6QmlToolsTargets.cmake",
		"/home/jzz0b5/Qt/6.7.2/gcc_64/lib/cmake/Qt6QmlTools/Qt6QmlToolsAdditionalTargetInfo.cmake",
		"/home/jzz0b5/Qt/6.7.2/gcc_64/lib/cmake/Qt6QmlTools/Qt6QmlToolsVersionlessTargets.cmake",
		"/home/jzz0b5/Qt/6.7.2/gcc_64/lib/cmake/Qt6QmlIntegration/Qt6QmlIntegrationConfigVersion.cmake",
		"/home/jzz0b5/Qt/6.7.2/gcc_64/lib/cmake/Qt6QmlIntegration/Qt6QmlIntegrationConfigVersionImpl.cmake",
		"/home/jzz0b5/Qt/6.7.2/gcc_64/lib/cmake/Qt6QmlIntegration/Qt6QmlIntegrationConfig.cmake",
		"/home/jzz0b5/Qt/Tools/CMake/share/cmake-3.29/Modules/CMakeFindDependencyMacro.cmake",
		"/home/jzz0b5/Qt/6.7.2/gcc_64/lib/cmake/Qt6QmlIntegration/Qt6QmlIntegrationTargets.cmake",
		"/home/jzz0b5/Qt/6.7.2/gcc_64/lib/cmake/Qt6QmlIntegration/Qt6QmlIntegrationAdditionalTargetInfo.cmake",
		"/home/jzz0b5/Qt/6.7.2/gcc_64/lib/cmake/Qt6QmlIntegration/Qt6QmlIntegrationVersionlessTargets.cmake",
		"/home/jzz0b5/Qt/6.7.2/gcc_64/lib/cmake/Qt6QmlBuiltins/Qt6QmlBuiltinsConfigVersion.cmake",
		"/home/jzz0b5/Qt/6.7.2/gcc_64/lib/cmake/Qt6QmlBuiltins/Qt6QmlBuiltinsConfigVersionImpl.cmake",
		"/home/jzz0b5/Qt/6.7.2/gcc_64/lib/cmake/Qt6QmlBuiltins/Qt6QmlBuiltinsConfig.cmake",
		"/home/jzz0b5/Qt/Tools/CMake/share/cmake-3.29/Modules/CMakeFindDependencyMacro.cmake",
		"/home/jzz0b5/Qt/6.7.2/gcc_64/lib/cmake/Qt6QmlBuiltins/Qt6QmlBuiltinsTargets.cmake",
		"/home/jzz0b5/Qt/6.7.2/gcc_64/lib/cmake/Qt6QmlBuiltins/Qt6QmlBuiltinsTargets-relwithdebinfo.cmake",
		"/home/jzz0b5/Qt/6.7.2/gcc_64/lib/cmake/Qt6QmlBuiltins/Qt6QmlBuiltinsAdditionalTargetInfo.cmake",
		"/home/jzz0b5/Qt/6.7.2/gcc_64/lib/cmake/Qt6QmlBuiltins/Qt6QmlBuiltinsVersionlessTargets.cmake",
		"/home/jzz0b5/Qt/6.7.2/gcc_64/lib/cmake/Qt6Network/Qt6NetworkConfigVersion.cmake",
		"/home/jzz0b5/Qt/6.7.2/gcc_64/lib/cmake/Qt6Network/Qt6NetworkConfigVersionImpl.cmake",
		"/home/jzz0b5/Qt/6.7.2/gcc_64/lib/cmake/Qt6Network/Qt6NetworkConfig.cmake",
		"/home/jzz0b5/Qt/Tools/CMake/share/cmake-3.29/Modules/CMakeFindDependencyMacro.cmake",
		"/home/jzz0b5/Qt/6.7.2/gcc_64/lib/cmake/Qt6Network/Qt6NetworkDependencies.cmake",
		"/home/jzz0b5/Qt/6.7.2/gcc_64/lib/cmake/Qt6Network/Qt6NetworkTargets.cmake",
		"/home/jzz0b5/Qt/6.7.2/gcc_64/lib/cmake/Qt6Network/Qt6NetworkTargets-relwithdebinfo.cmake",
		"/home/jzz0b5/Qt/6.7.2/gcc_64/lib/cmake/Qt6Network/Qt6NetworkAdditionalTargetInfo.cmake",
		"/home/jzz0b5/Qt/6.7.2/gcc_64/lib/cmake/Qt6Network/Qt6NetworkVersionlessTargets.cmake",
		"/home/jzz0b5/Qt/6.7.2/gcc_64/lib/cmake/Qt6Network/Qt6NetworkPlugins.cmake",
		"/home/jzz0b5/Qt/6.7.2/gcc_64/lib/cmake/Qt6Network/Qt6QGlibNetworkInformationPluginConfig.cmake",
		"/home/jzz0b5/Qt/Tools/CMake/share/cmake-3.29/Modules/CMakeFindDependencyMacro.cmake",
		"/home/jzz0b5/Qt/6.7.2/gcc_64/lib/cmake/Qt6Network/Qt6QGlibNetworkInformationPluginTargets.cmake",
		"/home/jzz0b5/Qt/6.7.2/gcc_64/lib/cmake/Qt6Network/Qt6QGlibNetworkInformationPluginTargets-relwithdebinfo.cmake",
		"/home/jzz0b5/Qt/6.7.2/gcc_64/lib/cmake/Qt6Network/Qt6QGlibNetworkInformationPluginAdditionalTargetInfo.cmake",
		"/home/jzz0b5/Qt/6.7.2/gcc_64/lib/cmake/Qt6Network/Qt6QNetworkManagerNetworkInformationPluginConfig.cmake",
		"/home/jzz0b5/Qt/Tools/CMake/share/cmake-3.29/Modules/CMakeFindDependencyMacro.cmake",
		"/home/jzz0b5/Qt/6.7.2/gcc_64/lib/cmake/Qt6Network/Qt6QNetworkManagerNetworkInformationPluginTargets.cmake",
		"/home/jzz0b5/Qt/6.7.2/gcc_64/lib/cmake/Qt6Network/Qt6QNetworkManagerNetworkInformationPluginTargets-relwithdebinfo.cmake",
		"/home/jzz0b5/Qt/6.7.2/gcc_64/lib/cmake/Qt6Network/Qt6QNetworkManagerNetworkInformationPluginAdditionalTargetInfo.cmake",
		"/home/jzz0b5/Qt/6.7.2/gcc_64/lib/cmake/Qt6Network/Qt6QTlsBackendCertOnlyPluginConfig.cmake",
		"/home/jzz0b5/Qt/Tools/CMake/share/cmake-3.29/Modules/CMakeFindDependencyMacro.cmake",
		"/home/jzz0b5/Qt/6.7.2/gcc_64/lib/cmake/Qt6Network/Qt6QTlsBackendCertOnlyPluginTargets.cmake",
		"/home/jzz0b5/Qt/6.7.2/gcc_64/lib/cmake/Qt6Network/Qt6QTlsBackendCertOnlyPluginTargets-relwithdebinfo.cmake",
		"/home/jzz0b5/Qt/6.7.2/gcc_64/lib/cmake/Qt6Network/Qt6QTlsBackendCertOnlyPluginAdditionalTargetInfo.cmake",
		"/home/jzz0b5/Qt/6.7.2/gcc_64/lib/cmake/Qt6Network/Qt6QTlsBackendOpenSSLPluginConfig.cmake",
		"/home/jzz0b5/Qt/Tools/CMake/share/cmake-3.29/Modules/CMakeFindDependencyMacro.cmake",
		"/home/jzz0b5/Qt/6.7.2/gcc_64/lib/cmake/Qt6Network/Qt6QTlsBackendOpenSSLPluginTargets.cmake",
		"/home/jzz0b5/Qt/6.7.2/gcc_64/lib/cmake/Qt6Network/Qt6QTlsBackendOpenSSLPluginTargets-relwithdebinfo.cmake",
		"/home/jzz0b5/Qt/6.7.2/gcc_64/lib/cmake/Qt6Network/Qt6QTlsBackendOpenSSLPluginAdditionalTargetInfo.cmake",
		"/home/jzz0b5/Qt/6.7.2/gcc_64/lib/cmake/Qt6Qml/Qt6QmlTargets.cmake",
		"/home/jzz0b5/Qt/6.7.2/gcc_64/lib/cmake/Qt6Qml/Qt6QmlTargets-relwithdebinfo.cmake",
		"/home/jzz0b5/Qt/6.7.2/gcc_64/lib/cmake/Qt6Qml/Qt6QmlAdditionalTargetInfo.cmake",
		"/home/jzz0b5/Qt/6.7.2/gcc_64/lib/cmake/Qt6Qml/Qt6QmlVersionlessTargets.cmake",
		"/home/jzz0b5/Qt/6.7.2/gcc_64/lib/cmake/Qt6Qml/Qt6QmlMacros.cmake",
		"/home/jzz0b5/Qt/Tools/CMake/share/cmake-3.29/Modules/GNUInstallDirs.cmake",
		"/home/jzz0b5/Qt/6.7.2/gcc_64/lib/cmake/Qt6Qml/Qt6QmlConfigExtras.cmake",
		"/home/jzz0b5/Qt/6.7.2/gcc_64/lib/cmake/Qt6Qml/Qt6QmlFindQmlscInternal.cmake",
		"/home/jzz0b5/Qt/6.7.2/gcc_64/lib/cmake/Qt6Qml/Qt6QmlPlugins.cmake",
		"/home/jzz0b5/Qt/6.7.2/gcc_64/lib/cmake/Qt6Qml/QmlPlugins/Qt6QmlMetaConfig.cmake",
		"/home/jzz0b5/Qt/Tools/CMake/share/cmake-3.29/Modules/CMakeFindDependencyMacro.cmake",
		"/home/jzz0b5/Qt/6.7.2/gcc_64/lib/cmake/Qt6Qml/QmlPlugins/Qt6QmlMetaTargets.cmake",
		"/home/jzz0b5/Qt/6.7.2/gcc_64/lib/cmake/Qt6Qml/QmlPlugins/Qt6QmlMetaTargets-relwithdebinfo.cmake",
		"/home/jzz0b5/Qt/6.7.2/gcc_64/lib/cmake/Qt6Qml/QmlPlugins/Qt6QmlMetaAdditionalTargetInfo.cmake",
		"/home/jzz0b5/Qt/6.7.2/gcc_64/lib/cmake/Qt6Qml/QmlPlugins/Qt6QmlNetworkpluginConfig.cmake",
		"/home/jzz0b5/Qt/Tools/CMake/share/cmake-3.29/Modules/CMakeFindDependencyMacro.cmake",
		"/home/jzz0b5/Qt/6.7.2/gcc_64/lib/cmake/Qt6Qml/QmlPlugins/Qt6QmlNetworkpluginTargets.cmake",
		"/home/jzz0b5/Qt/6.7.2/gcc_64/lib/cmake/Qt6Qml/QmlPlugins/Qt6QmlNetworkpluginTargets-relwithdebinfo.cmake",
		"/home/jzz0b5/Qt/6.7.2/gcc_64/lib/cmake/Qt6Qml/QmlPlugins/Qt6QmlNetworkpluginAdditionalTargetInfo.cmake",
		"/home/jzz0b5/Qt/6.7.2/gcc_64/lib/cmake/Qt6Qml/QmlPlugins/Qt6QuickControlsTestUtilsPrivatepluginConfig.cmake",
		"/home/jzz0b5/Qt/Tools/CMake/share/cmake-3.29/Modules/CMakeFindDependencyMacro.cmake",
		"/home/jzz0b5/Qt/6.7.2/gcc_64/lib/cmake/Qt6Qml/QmlPlugins/Qt6QuickControlsTestUtilsPrivatepluginTargets.cmake",
		"/home/jzz0b5/Qt/6.7.2/gcc_64/lib/cmake/Qt6Qml/QmlPlugins/Qt6QuickControlsTestUtilsPrivatepluginTargets-relwithdebinfo.cmake",
		"/home/jzz0b5/Qt/6.7.2/gcc_64/lib/cmake/Qt6Qml/QmlPlugins/Qt6QuickControlsTestUtilsPrivatepluginAdditionalTargetInfo.cmake",
		"/home/jzz0b5/Qt/6.7.2/gcc_64/lib/cmake/Qt6Qml/QmlPlugins/Qt6QuickTestpluginConfig.cmake",
		"/home/jzz0b5/Qt/Tools/CMake/share/cmake-3.29/Modules/CMakeFindDependencyMacro.cmake",
		"/home/jzz0b5/Qt/6.7.2/gcc_64/lib/cmake/Qt6Qml/QmlPlugins/Qt6QuickTestpluginTargets.cmake",
		"/home/jzz0b5/Qt/6.7.2/gcc_64/lib/cmake/Qt6Qml/QmlPlugins/Qt6QuickTestpluginTargets-relwithdebinfo.cmake",
		"/home/jzz0b5/Qt/6.7.2/gcc_64/lib/cmake/Qt6Qml/QmlPlugins/Qt6QuickTestpluginAdditionalTargetInfo.cmake",
		"/home/jzz0b5/Qt/6.7.2/gcc_64/lib/cmake/Qt6Qml/QmlPlugins/Qt6WaylandCompositorIviapplicationConfig.cmake",
		"/home/jzz0b5/Qt/Tools/CMake/share/cmake-3.29/Modules/CMakeFindDependencyMacro.cmake",
		"/home/jzz0b5/Qt/6.7.2/gcc_64/lib/cmake/Qt6Qml/QmlPlugins/Qt6WaylandCompositorIviapplicationTargets.cmake",
		"/home/jzz0b5/Qt/6.7.2/gcc_64/lib/cmake/Qt6Qml/QmlPlugins/Qt6WaylandCompositorIviapplicationTargets-relwithdebinfo.cmake",
		"/home/jzz0b5/Qt/6.7.2/gcc_64/lib/cmake/Qt6Qml/QmlPlugins/Qt6WaylandCompositorIviapplicationAdditionalTargetInfo.cmake",
		"/home/jzz0b5/Qt/6.7.2/gcc_64/lib/cmake/Qt6Qml/QmlPlugins/Qt6WaylandCompositorPresentationTimeConfig.cmake",
		"/home/jzz0b5/Qt/Tools/CMake/share/cmake-3.29/Modules/CMakeFindDependencyMacro.cmake",
		"/home/jzz0b5/Qt/6.7.2/gcc_64/lib/cmake/Qt6Qml/QmlPlugins/Qt6WaylandCompositorPresentationTimeTargets.cmake",
		"/home/jzz0b5/Qt/6.7.2/gcc_64/lib/cmake/Qt6Qml/QmlPlugins/Qt6WaylandCompositorPresentationTimeTargets-relwithdebinfo.cmake",
		"/home/jzz0b5/Qt/6.7.2/gcc_64/lib/cmake/Qt6Qml/QmlPlugins/Qt6WaylandCompositorPresentationTimeAdditionalTargetInfo.cmake",
		"/home/jzz0b5/Qt/6.7.2/gcc_64/lib/cmake/Qt6Qml/QmlPlugins/Qt6WaylandCompositorQtShellConfig.cmake",
		"/home/jzz0b5/Qt/Tools/CMake/share/cmake-3.29/Modules/CMakeFindDependencyMacro.cmake",
		"/home/jzz0b5/Qt/6.7.2/gcc_64/lib/cmake/Qt6Qml/QmlPlugins/Qt6WaylandCompositorQtShellTargets.cmake",
		"/home/jzz0b5/Qt/6.7.2/gcc_64/lib/cmake/Qt6Qml/QmlPlugins/Qt6WaylandCompositorQtShellTargets-relwithdebinfo.cmake",
		"/home/jzz0b5/Qt/6.7.2/gcc_64/lib/cmake/Qt6Qml/QmlPlugins/Qt6WaylandCompositorQtShellAdditionalTargetInfo.cmake",
		"/home/jzz0b5/Qt/6.7.2/gcc_64/lib/cmake/Qt6Qml/QmlPlugins/Qt6WaylandCompositorWLShellConfig.cmake",
		"/home/jzz0b5/Qt/Tools/CMake/share/cmake-3.29/Modules/CMakeFindDependencyMacro.cmake",
		"/home/jzz0b5/Qt/6.7.2/gcc_64/lib/cmake/Qt6Qml/QmlPlugins/Qt6WaylandCompositorWLShellTargets.cmake",
		"/home/jzz0b5/Qt/6.7.2/gcc_64/lib/cmake/Qt6Qml/QmlPlugins/Qt6WaylandCompositorWLShellTargets-relwithdebinfo.cmake",
		"/home/jzz0b5/Qt/6.7.2/gcc_64/lib/cmake/Qt6Qml/QmlPlugins/Qt6WaylandCompositorWLShellAdditionalTargetInfo.cmake",
		"/home/jzz0b5/Qt/6.7.2/gcc_64/lib/cmake/Qt6Qml/QmlPlugins/Qt6WaylandCompositorXdgShellConfig.cmake",
		"/home/jzz0b5/Qt/Tools/CMake/share/cmake-3.29/Modules/CMakeFindDependencyMacro.cmake",
		"/home/jzz0b5/Qt/6.7.2/gcc_64/lib/cmake/Qt6Qml/QmlPlugins/Qt6WaylandCompositorXdgShellTargets.cmake",
		"/home/jzz0b5/Qt/6.7.2/gcc_64/lib/cmake/Qt6Qml/QmlPlugins/Qt6WaylandCompositorXdgShellTargets-relwithdebinfo.cmake",
		"/home/jzz0b5/Qt/6.7.2/gcc_64/lib/cmake/Qt6Qml/QmlPlugins/Qt6WaylandCompositorXdgShellAdditionalTargetInfo.cmake",
		"/home/jzz0b5/Qt/6.7.2/gcc_64/lib/cmake/Qt6Qml/QmlPlugins/Qt6WaylandTextureSharingConfig.cmake",
		"/home/jzz0b5/Qt/Tools/CMake/share/cmake-3.29/Modules/CMakeFindDependencyMacro.cmake",
		"/home/jzz0b5/Qt/6.7.2/gcc_64/lib/cmake/Qt6Qml/QmlPlugins/Qt6WaylandTextureSharingTargets.cmake",
		"/home/jzz0b5/Qt/6.7.2/gcc_64/lib/cmake/Qt6Qml/QmlPlugins/Qt6WaylandTextureSharingTargets-relwithdebinfo.cmake",
		"/home/jzz0b5/Qt/6.7.2/gcc_64/lib/cmake/Qt6Qml/QmlPlugins/Qt6WaylandTextureSharingAdditionalTargetInfo.cmake",
		"/home/jzz0b5/Qt/6.7.2/gcc_64/lib/cmake/Qt6Qml/QmlPlugins/Qt6WaylandTextureSharingExtensionConfig.cmake",
		"/home/jzz0b5/Qt/Tools/CMake/share/cmake-3.29/Modules/CMakeFindDependencyMacro.cmake",
		"/home/jzz0b5/Qt/6.7.2/gcc_64/lib/cmake/Qt6Qml/QmlPlugins/Qt6WaylandTextureSharingExtensionTargets.cmake",
		"/home/jzz0b5/Qt/6.7.2/gcc_64/lib/cmake/Qt6Qml/QmlPlugins/Qt6WaylandTextureSharingExtensionTargets-relwithdebinfo.cmake",
		"/home/jzz0b5/Qt/6.7.2/gcc_64/lib/cmake/Qt6Qml/QmlPlugins/Qt6WaylandTextureSharingExtensionAdditionalTargetInfo.cmake",
		"/home/jzz0b5/Qt/6.7.2/gcc_64/lib/cmake/Qt6Qml/QmlPlugins/Qt6effectspluginConfig.cmake",
		"/home/jzz0b5/Qt/Tools/CMake/share/cmake-3.29/Modules/CMakeFindDependencyMacro.cmake",
		"/home/jzz0b5/Qt/6.7.2/gcc_64/lib/cmake/Qt6Qml/QmlPlugins/Qt6effectspluginTargets.cmake",
		"/home/jzz0b5/Qt/6.7.2/gcc_64/lib/cmake/Qt6Qml/QmlPlugins/Qt6effectspluginTargets-relwithdebinfo.cmake",
		"/home/jzz0b5/Qt/6.7.2/gcc_64/lib/cmake/Qt6Qml/QmlPlugins/Qt6effectspluginAdditionalTargetInfo.cmake",
		"/home/jzz0b5/Qt/6.7.2/gcc_64/lib/cmake/Qt6Qml/QmlPlugins/Qt6labsanimationpluginConfig.cmake",
		"/home/jzz0b5/Qt/Tools/CMake/share/cmake-3.29/Modules/CMakeFindDependencyMacro.cmake",
		"/home/jzz0b5/Qt/6.7.2/gcc_64/lib/cmake/Qt6Qml/QmlPlugins/Qt6labsanimationpluginTargets.cmake",
		"/home/jzz0b5/Qt/6.7.2/gcc_64/lib/cmake/Qt6Qml/QmlPlugins/Qt6labsanimationpluginTargets-relwithdebinfo.cmake",
		"/home/jzz0b5/Qt/6.7.2/gcc_64/lib/cmake/Qt6Qml/QmlPlugins/Qt6labsanimationpluginAdditionalTargetInfo.cmake",
		"/home/jzz0b5/Qt/6.7.2/gcc_64/lib/cmake/Qt6Qml/QmlPlugins/Qt6labsmodelspluginConfig.cmake",
		"/home/jzz0b5/Qt/Tools/CMake/share/cmake-3.29/Modules/CMakeFindDependencyMacro.cmake",
		"/home/jzz0b5/Qt/6.7.2/gcc_64/lib/cmake/Qt6Qml/QmlPlugins/Qt6labsmodelspluginTargets.cmake",
		"/home/jzz0b5/Qt/6.7.2/gcc_64/lib/cmake/Qt6Qml/QmlPlugins/Qt6labsmodelspluginTargets-relwithdebinfo.cmake",
		"/home/jzz0b5/Qt/6.7.2/gcc_64/lib/cmake/Qt6Qml/QmlPlugins/Qt6labsmodelspluginAdditionalTargetInfo.cmake",
		"/home/jzz0b5/Qt/6.7.2/gcc_64/lib/cmake/Qt6Qml/QmlPlugins/Qt6modelspluginConfig.cmake",
		"/home/jzz0b5/Qt/Tools/CMake/share/cmake-3.29/Modules/CMakeFindDependencyMacro.cmake",
		"/home/jzz0b5/Qt/6.7.2/gcc_64/lib/cmake/Qt6Qml/QmlPlugins/Qt6modelspluginTargets.cmake",
		"/home/jzz0b5/Qt/6.7.2/gcc_64/lib/cmake/Qt6Qml/QmlPlugins/Qt6modelspluginTargets-relwithdebinfo.cmake",
		"/home/jzz0b5/Qt/6.7.2/gcc_64/lib/cmake/Qt6Qml/QmlPlugins/Qt6modelspluginAdditionalTargetInfo.cmake",
		"/home/jzz0b5/Qt/6.7.2/gcc_64/lib/cmake/Qt6Qml/QmlPlugins/Qt6particlespluginConfig.cmake",
		"/home/jzz0b5/Qt/Tools/CMake/share/cmake-3.29/Modules/CMakeFindDependencyMacro.cmake",
		"/home/jzz0b5/Qt/6.7.2/gcc_64/lib/cmake/Qt6Qml/QmlPlugins/Qt6particlespluginTargets.cmake",
		"/home/jzz0b5/Qt/6.7.2/gcc_64/lib/cmake/Qt6Qml/QmlPlugins/Qt6particlespluginTargets-relwithdebinfo.cmake",
		"/home/jzz0b5/Qt/6.7.2/gcc_64/lib/cmake/Qt6Qml/QmlPlugins/Qt6particlespluginAdditionalTargetInfo.cmake",
		"/home/jzz0b5/Qt/6.7.2/gcc_64/lib/cmake/Qt6Qml/QmlPlugins/Qt6qmlfolderlistmodelpluginConfig.cmake",
		"/home/jzz0b5/Qt/Tools/CMake/share/cmake-3.29/Modules/CMakeFindDependencyMacro.cmake",
		"/home/jzz0b5/Qt/6.7.2/gcc_64/lib/cmake/Qt6Qml/QmlPlugins/Qt6qmlfolderlistmodelpluginTargets.cmake",
		"/home/jzz0b5/Qt/6.7.2/gcc_64/lib/cmake/Qt6Qml/QmlPlugins/Qt6qmlfolderlistmodelpluginTargets-relwithdebinfo.cmake",
		"/home/jzz0b5/Qt/6.7.2/gcc_64/lib/cmake/Qt6Qml/QmlPlugins/Qt6qmlfolderlistmodelpluginAdditionalTargetInfo.cmake",
		"/home/jzz0b5/Qt/6.7.2/gcc_64/lib/cmake/Qt6Qml/QmlPlugins/Qt6qmllocalstoragepluginConfig.cmake",
		"/home/jzz0b5/Qt/Tools/CMake/share/cmake-3.29/Modules/CMakeFindDependencyMacro.cmake",
		"/home/jzz0b5/Qt/6.7.2/gcc_64/lib/cmake/Qt6Qml/QmlPlugins/Qt6qmllocalstoragepluginTargets.cmake",
		"/home/jzz0b5/Qt/6.7.2/gcc_64/lib/cmake/Qt6Qml/QmlPlugins/Qt6qmllocalstoragepluginTargets-relwithdebinfo.cmake",
		"/home/jzz0b5/Qt/6.7.2/gcc_64/lib/cmake/Qt6Qml/QmlPlugins/Qt6qmllocalstoragepluginAdditionalTargetInfo.cmake",
		"/home/jzz0b5/Qt/6.7.2/gcc_64/lib/cmake/Qt6Qml/QmlPlugins/Qt6qmlpluginConfig.cmake",
		"/home/jzz0b5/Qt/Tools/CMake/share/cmake-3.29/Modules/CMakeFindDependencyMacro.cmake",
		"/home/jzz0b5/Qt/6.7.2/gcc_64/lib/cmake/Qt6Qml/QmlPlugins/Qt6qmlpluginTargets.cmake",
		"/home/jzz0b5/Qt/6.7.2/gcc_64/lib/cmake/Qt6Qml/QmlPlugins/Qt6qmlpluginTargets-relwithdebinfo.cmake",
		"/home/jzz0b5/Qt/6.7.2/gcc_64/lib/cmake/Qt6Qml/QmlPlugins/Qt6qmlpluginAdditionalTargetInfo.cmake",
		"/home/jzz0b5/Qt/6.7.2/gcc_64/lib/cmake/Qt6Qml/QmlPlugins/Qt6qmlsettingspluginConfig.cmake",
		"/home/jzz0b5/Qt/Tools/CMake/share/cmake-3.29/Modules/CMakeFindDependencyMacro.cmake",
		"/home/jzz0b5/Qt/6.7.2/gcc_64/lib/cmake/Qt6Qml/QmlPlugins/Qt6qmlsettingspluginTargets.cmake",
		"/home/jzz0b5/Qt/6.7.2/gcc_64/lib/cmake/Qt6Qml/QmlPlugins/Qt6qmlsettingspluginTargets-relwithdebinfo.cmake",
		"/home/jzz0b5/Qt/6.7.2/gcc_64/lib/cmake/Qt6Qml/QmlPlugins/Qt6qmlsettingspluginAdditionalTargetInfo.cmake",
		"/home/jzz0b5/Qt/6.7.2/gcc_64/lib/cmake/Qt6Qml/QmlPlugins/Qt6qmlshapespluginConfig.cmake",
		"/home/jzz0b5/Qt/Tools/CMake/share/cmake-3.29/Modules/CMakeFindDependencyMacro.cmake",
		"/home/jzz0b5/Qt/6.7.2/gcc_64/lib/cmake/Qt6Qml/QmlPlugins/Qt6qmlshapespluginTargets.cmake",
		"/home/jzz0b5/Qt/6.7.2/gcc_64/lib/cmake/Qt6Qml/QmlPlugins/Qt6qmlshapespluginTargets-relwithdebinfo.cmake",
		"/home/jzz0b5/Qt/6.7.2/gcc_64/lib/cmake/Qt6Qml/QmlPlugins/Qt6qmlshapespluginAdditionalTargetInfo.cmake",
		"/home/jzz0b5/Qt/6.7.2/gcc_64/lib/cmake/Qt6Qml/QmlPlugins/Qt6qmlwavefrontmeshpluginConfig.cmake",
		"/home/jzz0b5/Qt/Tools/CMake/share/cmake-3.29/Modules/CMakeFindDependencyMacro.cmake",
		"/home/jzz0b5/Qt/6.7.2/gcc_64/lib/cmake/Qt6Qml/QmlPlugins/Qt6qmlwavefrontmeshpluginTargets.cmake",
		"/home/jzz0b5/Qt/6.7.2/gcc_64/lib/cmake/Qt6Qml/QmlPlugins/Qt6qmlwavefrontmeshpluginTargets-relwithdebinfo.cmake",
		"/home/jzz0b5/Qt/6.7.2/gcc_64/lib/cmake/Qt6Qml/QmlPlugins/Qt6qmlwavefrontmeshpluginAdditionalTargetInfo.cmake",
		"/home/jzz0b5/Qt/6.7.2/gcc_64/lib/cmake/Qt6Qml/QmlPlugins/Qt6qmlxmllistmodelpluginConfig.cmake",
		"/home/jzz0b5/Qt/Tools/CMake/share/cmake-3.29/Modules/CMakeFindDependencyMacro.cmake",
		"/home/jzz0b5/Qt/6.7.2/gcc_64/lib/cmake/Qt6Qml/QmlPlugins/Qt6qmlxmllistmodelpluginTargets.cmake",
		"/home/jzz0b5/Qt/6.7.2/gcc_64/lib/cmake/Qt6Qml/QmlPlugins/Qt6qmlxmllistmodelpluginTargets-relwithdebinfo.cmake",
		"/home/jzz0b5/Qt/6.7.2/gcc_64/lib/cmake/Qt6Qml/QmlPlugins/Qt6qmlxmllistmodelpluginAdditionalTargetInfo.cmake",
		"/home/jzz0b5/Qt/6.7.2/gcc_64/lib/cmake/Qt6Qml/QmlPlugins/Qt6qquick3dpluginConfig.cmake",
		"/home/jzz0b5/Qt/Tools/CMake/share/cmake-3.29/Modules/CMakeFindDependencyMacro.cmake",
		"/home/jzz0b5/Qt/6.7.2/gcc_64/lib/cmake/Qt6Qml/QmlPlugins/Qt6qquick3dpluginTargets.cmake",
		"/home/jzz0b5/Qt/6.7.2/gcc_64/lib/cmake/Qt6Qml/QmlPlugins/Qt6qquick3dpluginTargets-relwithdebinfo.cmake",
		"/home/jzz0b5/Qt/6.7.2/gcc_64/lib/cmake/Qt6Qml/QmlPlugins/Qt6qquick3dpluginAdditionalTargetInfo.cmake",
		"/home/jzz0b5/Qt/6.7.2/gcc_64/lib/cmake/Qt6Qml/QmlPlugins/Qt6qquicklayoutspluginConfig.cmake",
		"/home/jzz0b5/Qt/Tools/CMake/share/cmake-3.29/Modules/CMakeFindDependencyMacro.cmake",
		"/home/jzz0b5/Qt/6.7.2/gcc_64/lib/cmake/Qt6Qml/QmlPlugins/Qt6qquicklayoutspluginTargets.cmake",
		"/home/jzz0b5/Qt/6.7.2/gcc_64/lib/cmake/Qt6Qml/QmlPlugins/Qt6qquicklayoutspluginTargets-relwithdebinfo.cmake",
		"/home/jzz0b5/Qt/6.7.2/gcc_64/lib/cmake/Qt6Qml/QmlPlugins/Qt6qquicklayoutspluginAdditionalTargetInfo.cmake",
		"/home/jzz0b5/Qt/6.7.2/gcc_64/lib/cmake/Qt6Qml/QmlPlugins/Qt6qtchartsqml2Config.cmake",
		"/home/jzz0b5/Qt/Tools/CMake/share/cmake-3.29/Modules/CMakeFindDependencyMacro.cmake",
		"/home/jzz0b5/Qt/6.7.2/gcc_64/lib/cmake/Qt6Qml/QmlPlugins/Qt6qtchartsqml2Targets.cmake",
		"/home/jzz0b5/Qt/6.7.2/gcc_64/lib/cmake/Qt6Qml/QmlPlugins/Qt6qtchartsqml2Targets-relwithdebinfo.cmake",
		"/home/jzz0b5/Qt/6.7.2/gcc_64/lib/cmake/Qt6Qml/QmlPlugins/Qt6qtchartsqml2AdditionalTargetInfo.cmake",
		"/home/jzz0b5/Qt/6.7.2/gcc_64/lib/cmake/Qt6Qml/QmlPlugins/Qt6qtlabsplatformpluginConfig.cmake",
		"/home/jzz0b5/Qt/Tools/CMake/share/cmake-3.29/Modules/CMakeFindDependencyMacro.cmake",
		"/home/jzz0b5/Qt/6.7.2/gcc_64/lib/cmake/Qt6Qml/QmlPlugins/Qt6qtlabsplatformpluginTargets.cmake",
		"/home/jzz0b5/Qt/6.7.2/gcc_64/lib/cmake/Qt6Qml/QmlPlugins/Qt6qtlabsplatformpluginTargets-relwithdebinfo.cmake",
		"/home/jzz0b5/Qt/6.7.2/gcc_64/lib/cmake/Qt6Qml/QmlPlugins/Qt6qtlabsplatformpluginAdditionalTargetInfo.cmake",
		"/home/jzz0b5/Qt/6.7.2/gcc_64/lib/cmake/Qt6Qml/QmlPlugins/Qt6qtqmlcorepluginConfig.cmake",
		"/home/jzz0b5/Qt/Tools/CMake/share/cmake-3.29/Modules/CMakeFindDependencyMacro.cmake",
		"/home/jzz0b5/Qt/6.7.2/gcc_64/lib/cmake/Qt6Qml/QmlPlugins/Qt6qtqmlcorepluginTargets.cmake",
		"/home/jzz0b5/Qt/6.7.2/gcc_64/lib/cmake/Qt6Qml/QmlPlugins/Qt6qtqmlcorepluginTargets-relwithdebinfo.cmake",
		"/home/jzz0b5/Qt/6.7.2/gcc_64/lib/cmake/Qt6Qml/QmlPlugins/Qt6qtqmlcorepluginAdditionalTargetInfo.cmake",
		"/home/jzz0b5/Qt/6.7.2/gcc_64/lib/cmake/Qt6Qml/QmlPlugins/Qt6qtquick2pluginConfig.cmake",
		"/home/jzz0b5/Qt/Tools/CMake/share/cmake-3.29/Modules/CMakeFindDependencyMacro.cmake",
		"/home/jzz0b5/Qt/6.7.2/gcc_64/lib/cmake/Qt6Qml/QmlPlugins/Qt6qtquick2pluginTargets.cmake",
		"/home/jzz0b5/Qt/6.7.2/gcc_64/lib/cmake/Qt6Qml/QmlPlugins/Qt6qtquick2pluginTargets-relwithdebinfo.cmake",
		"/home/jzz0b5/Qt/6.7.2/gcc_64/lib/cmake/Qt6Qml/QmlPlugins/Qt6qtquick2pluginAdditionalTargetInfo.cmake",
		"/home/jzz0b5/Qt/6.7.2/gcc_64/lib/cmake/Qt6Qml/QmlPlugins/Qt6qtquick3dassetutilspluginConfig.cmake",
		"/home/jzz0b5/Qt/Tools/CMake/share/cmake-3.29/Modules/CMakeFindDependencyMacro.cmake",
		"/home/jzz0b5/Qt/6.7.2/gcc_64/lib/cmake/Qt6Qml/QmlPlugins/Qt6qtquick3dassetutilspluginTargets.cmake",
		"/home/jzz0b5/Qt/6.7.2/gcc_64/lib/cmake/Qt6Qml/QmlPlugins/Qt6qtquick3dassetutilspluginTargets-relwithdebinfo.cmake",
		"/home/jzz0b5/Qt/6.7.2/gcc_64/lib/cmake/Qt6Qml/QmlPlugins/Qt6qtquick3dassetutilspluginAdditionalTargetInfo.cmake",
		"/home/jzz0b5/Qt/6.7.2/gcc_64/lib/cmake/Qt6Qml/QmlPlugins/Qt6qtquick3deffectpluginConfig.cmake",
		"/home/jzz0b5/Qt/Tools/CMake/share/cmake-3.29/Modules/CMakeFindDependencyMacro.cmake",
		"/home/jzz0b5/Qt/6.7.2/gcc_64/lib/cmake/Qt6Qml/QmlPlugins/Qt6qtquick3deffectpluginTargets.cmake",
		"/home/jzz0b5/Qt/6.7.2/gcc_64/lib/cmake/Qt6Qml/QmlPlugins/Qt6qtquick3deffectpluginTargets-relwithdebinfo.cmake",
		"/home/jzz0b5/Qt/6.7.2/gcc_64/lib/cmake/Qt6Qml/QmlPlugins/Qt6qtquick3deffectpluginAdditionalTargetInfo.cmake",
		"/home/jzz0b5/Qt/6.7.2/gcc_64/lib/cmake/Qt6Qml/QmlPlugins/Qt6qtquick3dhelpersimplpluginConfig.cmake",
		"/home/jzz0b5/Qt/Tools/CMake/share/cmake-3.29/Modules/CMakeFindDependencyMacro.cmake",
		"/home/jzz0b5/Qt/6.7.2/gcc_64/lib/cmake/Qt6Qml/QmlPlugins/Qt6qtquick3dhelpersimplpluginTargets.cmake",
		"/home/jzz0b5/Qt/6.7.2/gcc_64/lib/cmake/Qt6Qml/QmlPlugins/Qt6qtquick3dhelpersimplpluginTargets-relwithdebinfo.cmake",
		"/home/jzz0b5/Qt/6.7.2/gcc_64/lib/cmake/Qt6Qml/QmlPlugins/Qt6qtquick3dhelpersimplpluginAdditionalTargetInfo.cmake",
		"/home/jzz0b5/Qt/6.7.2/gcc_64/lib/cmake/Qt6Qml/QmlPlugins/Qt6qtquick3dhelperspluginConfig.cmake",
		"/home/jzz0b5/Qt/Tools/CMake/share/cmake-3.29/Modules/CMakeFindDependencyMacro.cmake",
		"/home/jzz0b5/Qt/6.7.2/gcc_64/lib/cmake/Qt6Qml/QmlPlugins/Qt6qtquick3dhelperspluginTargets.cmake",
		"/home/jzz0b5/Qt/6.7.2/gcc_64/lib/cmake/Qt6Qml/QmlPlugins/Qt6qtquick3dhelperspluginTargets-relwithdebinfo.cmake",
		"/home/jzz0b5/Qt/6.7.2/gcc_64/lib/cmake/Qt6Qml/QmlPlugins/Qt6qtquick3dhelperspluginAdditionalTargetInfo.cmake",
		"/home/jzz0b5/Qt/6.7.2/gcc_64/lib/cmake/Qt6Qml/QmlPlugins/Qt6qtquick3dparticleeffectspluginConfig.cmake",
		"/home/jzz0b5/Qt/Tools/CMake/share/cmake-3.29/Modules/CMakeFindDependencyMacro.cmake",
		"/home/jzz0b5/Qt/6.7.2/gcc_64/lib/cmake/Qt6Qml/QmlPlugins/Qt6qtquick3dparticleeffectspluginTargets.cmake",
		"/home/jzz0b5/Qt/6.7.2/gcc_64/lib/cmake/Qt6Qml/QmlPlugins/Qt6qtquick3dparticleeffectspluginTargets-relwithdebinfo.cmake",
		"/home/jzz0b5/Qt/6.7.2/gcc_64/lib/cmake/Qt6Qml/QmlPlugins/Qt6qtquick3dparticleeffectspluginAdditionalTargetInfo.cmake",
		"/home/jzz0b5/Qt/6.7.2/gcc_64/lib/cmake/Qt6Qml/QmlPlugins/Qt6qtquick3dparticles3dpluginConfig.cmake",
		"/home/jzz0b5/Qt/Tools/CMake/share/cmake-3.29/Modules/CMakeFindDependencyMacro.cmake",
		"/home/jzz0b5/Qt/6.7.2/gcc_64/lib/cmake/Qt6Qml/QmlPlugins/Qt6qtquick3dparticles3dpluginTargets.cmake",
		"/home/jzz0b5/Qt/6.7.2/gcc_64/lib/cmake/Qt6Qml/QmlPlugins/Qt6qtquick3dparticles3dpluginTargets-relwithdebinfo.cmake",
		"/home/jzz0b5/Qt/6.7.2/gcc_64/lib/cmake/Qt6Qml/QmlPlugins/Qt6qtquick3dparticles3dpluginAdditionalTargetInfo.cmake",
		"/home/jzz0b5/Qt/6.7.2/gcc_64/lib/cmake/Qt6Qml/QmlPlugins/Qt6qtquickcontrols2basicstyleimplpluginConfig.cmake",
		"/home/jzz0b5/Qt/Tools/CMake/share/cmake-3.29/Modules/CMakeFindDependencyMacro.cmake",
		"/home/jzz0b5/Qt/6.7.2/gcc_64/lib/cmake/Qt6Qml/QmlPlugins/Qt6qtquickcontrols2basicstyleimplpluginTargets.cmake",
		"/home/jzz0b5/Qt/6.7.2/gcc_64/lib/cmake/Qt6Qml/QmlPlugins/Qt6qtquickcontrols2basicstyleimplpluginTargets-relwithdebinfo.cmake",
		"/home/jzz0b5/Qt/6.7.2/gcc_64/lib/cmake/Qt6Qml/QmlPlugins/Qt6qtquickcontrols2basicstyleimplpluginAdditionalTargetInfo.cmake",
		"/home/jzz0b5/Qt/6.7.2/gcc_64/lib/cmake/Qt6Qml/QmlPlugins/Qt6qtquickcontrols2basicstylepluginConfig.cmake",
		"/home/jzz0b5/Qt/Tools/CMake/share/cmake-3.29/Modules/CMakeFindDependencyMacro.cmake",
		"/home/jzz0b5/Qt/6.7.2/gcc_64/lib/cmake/Qt6Qml/QmlPlugins/Qt6qtquickcontrols2basicstylepluginTargets.cmake",
		"/home/jzz0b5/Qt/6.7.2/gcc_64/lib/cmake/Qt6Qml/QmlPlugins/Qt6qtquickcontrols2basicstylepluginTargets-relwithdebinfo.cmake",
		"/home/jzz0b5/Qt/6.7.2/gcc_64/lib/cmake/Qt6Qml/QmlPlugins/Qt6qtquickcontrols2basicstylepluginAdditionalTargetInfo.cmake",
		"/home/jzz0b5/Qt/6.7.2/gcc_64/lib/cmake/Qt6Qml/QmlPlugins/Qt6qtquickcontrols2fusionstyleimplpluginConfig.cmake",
		"/home/jzz0b5/Qt/Tools/CMake/share/cmake-3.29/Modules/CMakeFindDependencyMacro.cmake",
		"/home/jzz0b5/Qt/6.7.2/gcc_64/lib/cmake/Qt6Qml/QmlPlugins/Qt6qtquickcontrols2fusionstyleimplpluginTargets.cmake",
		"/home/jzz0b5/Qt/6.7.2/gcc_64/lib/cmake/Qt6Qml/QmlPlugins/Qt6qtquickcontrols2fusionstyleimplpluginTargets-relwithdebinfo.cmake",
		"/home/jzz0b5/Qt/6.7.2/gcc_64/lib/cmake/Qt6Qml/QmlPlugins/Qt6qtquickcontrols2fusionstyleimplpluginAdditionalTargetInfo.cmake",
		"/home/jzz0b5/Qt/6.7.2/gcc_64/lib/cmake/Qt6Qml/QmlPlugins/Qt6qtquickcontrols2fusionstylepluginConfig.cmake",
		"/home/jzz0b5/Qt/Tools/CMake/share/cmake-3.29/Modules/CMakeFindDependencyMacro.cmake",
		"/home/jzz0b5/Qt/6.7.2/gcc_64/lib/cmake/Qt6Qml/QmlPlugins/Qt6qtquickcontrols2fusionstylepluginTargets.cmake",
		"/home/jzz0b5/Qt/6.7.2/gcc_64/lib/cmake/Qt6Qml/QmlPlugins/Qt6qtquickcontrols2fusionstylepluginTargets-relwithdebinfo.cmake",
		"/home/jzz0b5/Qt/6.7.2/gcc_64/lib/cmake/Qt6Qml/QmlPlugins/Qt6qtquickcontrols2fusionstylepluginAdditionalTargetInfo.cmake",
		"/home/jzz0b5/Qt/6.7.2/gcc_64/lib/cmake/Qt6Qml/QmlPlugins/Qt6qtquickcontrols2imaginestyleimplpluginConfig.cmake",
		"/home/jzz0b5/Qt/Tools/CMake/share/cmake-3.29/Modules/CMakeFindDependencyMacro.cmake",
		"/home/jzz0b5/Qt/6.7.2/gcc_64/lib/cmake/Qt6Qml/QmlPlugins/Qt6qtquickcontrols2imaginestyleimplpluginTargets.cmake",
		"/home/jzz0b5/Qt/6.7.2/gcc_64/lib/cmake/Qt6Qml/QmlPlugins/Qt6qtquickcontrols2imaginestyleimplpluginTargets-relwithdebinfo.cmake",
		"/home/jzz0b5/Qt/6.7.2/gcc_64/lib/cmake/Qt6Qml/QmlPlugins/Qt6qtquickcontrols2imaginestyleimplpluginAdditionalTargetInfo.cmake",
		"/home/jzz0b5/Qt/6.7.2/gcc_64/lib/cmake/Qt6Qml/QmlPlugins/Qt6qtquickcontrols2imaginestylepluginConfig.cmake",
		"/home/jzz0b5/Qt/Tools/CMake/share/cmake-3.29/Modules/CMakeFindDependencyMacro.cmake",
		"/home/jzz0b5/Qt/6.7.2/gcc_64/lib/cmake/Qt6Qml/QmlPlugins/Qt6qtquickcontrols2imaginestylepluginTargets.cmake",
		"/home/jzz0b5/Qt/6.7.2/gcc_64/lib/cmake/Qt6Qml/QmlPlugins/Qt6qtquickcontrols2imaginestylepluginTargets-relwithdebinfo.cmake",
		"/home/jzz0b5/Qt/6.7.2/gcc_64/lib/cmake/Qt6Qml/QmlPlugins/Qt6qtquickcontrols2imaginestylepluginAdditionalTargetInfo.cmake",
		"/home/jzz0b5/Qt/6.7.2/gcc_64/lib/cmake/Qt6Qml/QmlPlugins/Qt6qtquickcontrols2implpluginConfig.cmake",
		"/home/jzz0b5/Qt/Tools/CMake/share/cmake-3.29/Modules/CMakeFindDependencyMacro.cmake",
		"/home/jzz0b5/Qt/6.7.2/gcc_64/lib/cmake/Qt6Qml/QmlPlugins/Qt6qtquickcontrols2implpluginTargets.cmake",
		"/home/jzz0b5/Qt/6.7.2/gcc_64/lib/cmake/Qt6Qml/QmlPlugins/Qt6qtquickcontrols2implpluginTargets-relwithdebinfo.cmake",
		"/home/jzz0b5/Qt/6.7.2/gcc_64/lib/cmake/Qt6Qml/QmlPlugins/Qt6qtquickcontrols2implpluginAdditionalTargetInfo.cmake",
		"/home/jzz0b5/Qt/6.7.2/gcc_64/lib/cmake/Qt6Qml/QmlPlugins/Qt6qtquickcontrols2materialstyleimplpluginConfig.cmake",
		"/home/jzz0b5/Qt/Tools/CMake/share/cmake-3.29/Modules/CMakeFindDependencyMacro.cmake",
		"/home/jzz0b5/Qt/6.7.2/gcc_64/lib/cmake/Qt6Qml/QmlPlugins/Qt6qtquickcontrols2materialstyleimplpluginTargets.cmake",
		"/home/jzz0b5/Qt/6.7.2/gcc_64/lib/cmake/Qt6Qml/QmlPlugins/Qt6qtquickcontrols2materialstyleimplpluginTargets-relwithdebinfo.cmake",
		"/home/jzz0b5/Qt/6.7.2/gcc_64/lib/cmake/Qt6Qml/QmlPlugins/Qt6qtquickcontrols2materialstyleimplpluginAdditionalTargetInfo.cmake",
		"/home/jzz0b5/Qt/6.7.2/gcc_64/lib/cmake/Qt6Qml/QmlPlugins/Qt6qtquickcontrols2materialstylepluginConfig.cmake",
		"/home/jzz0b5/Qt/Tools/CMake/share/cmake-3.29/Modules/CMakeFindDependencyMacro.cmake",
		"/home/jzz0b5/Qt/6.7.2/gcc_64/lib/cmake/Qt6Qml/QmlPlugins/Qt6qtquickcontrols2materialstylepluginTargets.cmake",
		"/home/jzz0b5/Qt/6.7.2/gcc_64/lib/cmake/Qt6Qml/QmlPlugins/Qt6qtquickcontrols2materialstylepluginTargets-relwithdebinfo.cmake",
		"/home/jzz0b5/Qt/6.7.2/gcc_64/lib/cmake/Qt6Qml/QmlPlugins/Qt6qtquickcontrols2materialstylepluginAdditionalTargetInfo.cmake",
		"/home/jzz0b5/Qt/6.7.2/gcc_64/lib/cmake/Qt6Qml/QmlPlugins/Qt6qtquickcontrols2nativestylepluginConfig.cmake",
		"/home/jzz0b5/Qt/Tools/CMake/share/cmake-3.29/Modules/CMakeFindDependencyMacro.cmake",
		"/home/jzz0b5/Qt/6.7.2/gcc_64/lib/cmake/Qt6Qml/QmlPlugins/Qt6qtquickcontrols2nativestylepluginTargets.cmake",
		"/home/jzz0b5/Qt/6.7.2/gcc_64/lib/cmake/Qt6Qml/QmlPlugins/Qt6qtquickcontrols2nativestylepluginTargets-relwithdebinfo.cmake",
		"/home/jzz0b5/Qt/6.7.2/gcc_64/lib/cmake/Qt6Qml/QmlPlugins/Qt6qtquickcontrols2nativestylepluginAdditionalTargetInfo.cmake",
		"/home/jzz0b5/Qt/6.7.2/gcc_64/lib/cmake/Qt6Qml/QmlPlugins/Qt6qtquickcontrols2pluginConfig.cmake",
		"/home/jzz0b5/Qt/Tools/CMake/share/cmake-3.29/Modules/CMakeFindDependencyMacro.cmake",
		"/home/jzz0b5/Qt/6.7.2/gcc_64/lib/cmake/Qt6Qml/QmlPlugins/Qt6qtquickcontrols2pluginTargets.cmake",
		"/home/jzz0b5/Qt/6.7.2/gcc_64/lib/cmake/Qt6Qml/QmlPlugins/Qt6qtquickcontrols2pluginTargets-relwithdebinfo.cmake",
		"/home/jzz0b5/Qt/6.7.2/gcc_64/lib/cmake/Qt6Qml/QmlPlugins/Qt6qtquickcontrols2pluginAdditionalTargetInfo.cmake",
		"/home/jzz0b5/Qt/6.7.2/gcc_64/lib/cmake/Qt6Qml/QmlPlugins/Qt6qtquickcontrols2universalstyleimplpluginConfig.cmake",
		"/home/jzz0b5/Qt/Tools/CMake/share/cmake-3.29/Modules/CMakeFindDependencyMacro.cmake",
		"/home/jzz0b5/Qt/6.7.2/gcc_64/lib/cmake/Qt6Qml/QmlPlugins/Qt6qtquickcontrols2universalstyleimplpluginTargets.cmake",
		"/home/jzz0b5/Qt/6.7.2/gcc_64/lib/cmake/Qt6Qml/QmlPlugins/Qt6qtquickcontrols2universalstyleimplpluginTargets-relwithdebinfo.cmake",
		"/home/jzz0b5/Qt/6.7.2/gcc_64/lib/cmake/Qt6Qml/QmlPlugins/Qt6qtquickcontrols2universalstyleimplpluginAdditionalTargetInfo.cmake",
		"/home/jzz0b5/Qt/6.7.2/gcc_64/lib/cmake/Qt6Qml/QmlPlugins/Qt6qtquickcontrols2universalstylepluginConfig.cmake",
		"/home/jzz0b5/Qt/Tools/CMake/share/cmake-3.29/Modules/CMakeFindDependencyMacro.cmake",
		"/home/jzz0b5/Qt/6.7.2/gcc_64/lib/cmake/Qt6Qml/QmlPlugins/Qt6qtquickcontrols2universalstylepluginTargets.cmake",
		"/home/jzz0b5/Qt/6.7.2/gcc_64/lib/cmake/Qt6Qml/QmlPlugins/Qt6qtquickcontrols2universalstylepluginTargets-relwithdebinfo.cmake",
		"/home/jzz0b5/Qt/6.7.2/gcc_64/lib/cmake/Qt6Qml/QmlPlugins/Qt6qtquickcontrols2universalstylepluginAdditionalTargetInfo.cmake",
		"/home/jzz0b5/Qt/6.7.2/gcc_64/lib/cmake/Qt6Qml/QmlPlugins/Qt6qtquickdialogs2quickimplpluginConfig.cmake",
		"/home/jzz0b5/Qt/Tools/CMake/share/cmake-3.29/Modules/CMakeFindDependencyMacro.cmake",
		"/home/jzz0b5/Qt/6.7.2/gcc_64/lib/cmake/Qt6Qml/QmlPlugins/Qt6qtquickdialogs2quickimplpluginTargets.cmake",
		"/home/jzz0b5/Qt/6.7.2/gcc_64/lib/cmake/Qt6Qml/QmlPlugins/Qt6qtquickdialogs2quickimplpluginTargets-relwithdebinfo.cmake",
		"/home/jzz0b5/Qt/6.7.2/gcc_64/lib/cmake/Qt6Qml/QmlPlugins/Qt6qtquickdialogs2quickimplpluginAdditionalTargetInfo.cmake",
		"/home/jzz0b5/Qt/6.7.2/gcc_64/lib/cmake/Qt6Qml/QmlPlugins/Qt6qtquickdialogspluginConfig.cmake",
		"/home/jzz0b5/Qt/Tools/CMake/share/cmake-3.29/Modules/CMakeFindDependencyMacro.cmake",
		"/home/jzz0b5/Qt/6.7.2/gcc_64/lib/cmake/Qt6Qml/QmlPlugins/Qt6qtquickdialogspluginTargets.cmake",
		"/home/jzz0b5/Qt/6.7.2/gcc_64/lib/cmake/Qt6Qml/QmlPlugins/Qt6qtquickdialogspluginTargets-relwithdebinfo.cmake",
		"/home/jzz0b5/Qt/6.7.2/gcc_64/lib/cmake/Qt6Qml/QmlPlugins/Qt6qtquickdialogspluginAdditionalTargetInfo.cmake",
		"/home/jzz0b5/Qt/6.7.2/gcc_64/lib/cmake/Qt6Qml/QmlPlugins/Qt6qtquicktemplates2pluginConfig.cmake",
		"/home/jzz0b5/Qt/Tools/CMake/share/cmake-3.29/Modules/CMakeFindDependencyMacro.cmake",
		"/home/jzz0b5/Qt/6.7.2/gcc_64/lib/cmake/Qt6Qml/QmlPlugins/Qt6qtquicktemplates2pluginTargets.cmake",
		"/home/jzz0b5/Qt/6.7.2/gcc_64/lib/cmake/Qt6Qml/QmlPlugins/Qt6qtquicktemplates2pluginTargets-relwithdebinfo.cmake",
		"/home/jzz0b5/Qt/6.7.2/gcc_64/lib/cmake/Qt6Qml/QmlPlugins/Qt6qtquicktemplates2pluginAdditionalTargetInfo.cmake",
		"/home/jzz0b5/Qt/6.7.2/gcc_64/lib/cmake/Qt6Qml/QmlPlugins/Qt6qtquicktimelineblendtreespluginConfig.cmake",
		"/home/jzz0b5/Qt/Tools/CMake/share/cmake-3.29/Modules/CMakeFindDependencyMacro.cmake",
		"/home/jzz0b5/Qt/6.7.2/gcc_64/lib/cmake/Qt6Qml/QmlPlugins/Qt6qtquicktimelineblendtreespluginTargets.cmake",
		"/home/jzz0b5/Qt/6.7.2/gcc_64/lib/cmake/Qt6Qml/QmlPlugins/Qt6qtquicktimelineblendtreespluginTargets-relwithdebinfo.cmake",
		"/home/jzz0b5/Qt/6.7.2/gcc_64/lib/cmake/Qt6Qml/QmlPlugins/Qt6qtquicktimelineblendtreespluginAdditionalTargetInfo.cmake",
		"/home/jzz0b5/Qt/6.7.2/gcc_64/lib/cmake/Qt6Qml/QmlPlugins/Qt6qtquicktimelinepluginConfig.cmake",
		"/home/jzz0b5/Qt/Tools/CMake/share/cmake-3.29/Modules/CMakeFindDependencyMacro.cmake",
		"/home/jzz0b5/Qt/6.7.2/gcc_64/lib/cmake/Qt6Qml/QmlPlugins/Qt6qtquicktimelinepluginTargets.cmake",
		"/home/jzz0b5/Qt/6.7.2/gcc_64/lib/cmake/Qt6Qml/QmlPlugins/Qt6qtquicktimelinepluginTargets-relwithdebinfo.cmake",
		"/home/jzz0b5/Qt/6.7.2/gcc_64/lib/cmake/Qt6Qml/QmlPlugins/Qt6qtquicktimelinepluginAdditionalTargetInfo.cmake",
		"/home/jzz0b5/Qt/6.7.2/gcc_64/lib/cmake/Qt6Qml/QmlPlugins/Qt6quick3dspatialaudioConfig.cmake",
		"/home/jzz0b5/Qt/Tools/CMake/share/cmake-3.29/Modules/CMakeFindDependencyMacro.cmake",
		"/home/jzz0b5/Qt/6.7.2/gcc_64/lib/cmake/Qt6Qml/QmlPlugins/Qt6quick3dspatialaudioTargets.cmake",
		"/home/jzz0b5/Qt/6.7.2/gcc_64/lib/cmake/Qt6Qml/QmlPlugins/Qt6quick3dspatialaudioTargets-relwithdebinfo.cmake",
		"/home/jzz0b5/Qt/6.7.2/gcc_64/lib/cmake/Qt6Qml/QmlPlugins/Qt6quick3dspatialaudioAdditionalTargetInfo.cmake",
		"/home/jzz0b5/Qt/6.7.2/gcc_64/lib/cmake/Qt6Qml/QmlPlugins/Qt6quickmultimediaConfig.cmake",
		"/home/jzz0b5/Qt/Tools/CMake/share/cmake-3.29/Modules/CMakeFindDependencyMacro.cmake",
		"/home/jzz0b5/Qt/6.7.2/gcc_64/lib/cmake/Qt6Qml/QmlPlugins/Qt6quickmultimediaTargets.cmake",
		"/home/jzz0b5/Qt/6.7.2/gcc_64/lib/cmake/Qt6Qml/QmlPlugins/Qt6quickmultimediaTargets-relwithdebinfo.cmake",
		"/home/jzz0b5/Qt/6.7.2/gcc_64/lib/cmake/Qt6Qml/QmlPlugins/Qt6quickmultimediaAdditionalTargetInfo.cmake",
		"/home/jzz0b5/Qt/6.7.2/gcc_64/lib/cmake/Qt6Qml/QmlPlugins/Qt6quicktoolingConfig.cmake",
		"/home/jzz0b5/Qt/Tools/CMake/share/cmake-3.29/Modules/CMakeFindDependencyMacro.cmake",
		"/home/jzz0b5/Qt/6.7.2/gcc_64/lib/cmake/Qt6Qml/QmlPlugins/Qt6quicktoolingTargets.cmake",
		"/home/jzz0b5/Qt/6.7.2/gcc_64/lib/cmake/Qt6Qml/QmlPlugins/Qt6quicktoolingTargets-relwithdebinfo.cmake",
		"/home/jzz0b5/Qt/6.7.2/gcc_64/lib/cmake/Qt6Qml/QmlPlugins/Qt6quicktoolingAdditionalTargetInfo.cmake",
		"/home/jzz0b5/Qt/6.7.2/gcc_64/lib/cmake/Qt6Qml/QmlPlugins/Qt6quickwindowConfig.cmake",
		"/home/jzz0b5/Qt/Tools/CMake/share/cmake-3.29/Modules/CMakeFindDependencyMacro.cmake",
		"/home/jzz0b5/Qt/6.7.2/gcc_64/lib/cmake/Qt6Qml/QmlPlugins/Qt6quickwindowTargets.cmake",
		"/home/jzz0b5/Qt/6.7.2/gcc_64/lib/cmake/Qt6Qml/QmlPlugins/Qt6quickwindowTargets-relwithdebinfo.cmake",
		"/home/jzz0b5/Qt/6.7.2/gcc_64/lib/cmake/Qt6Qml/QmlPlugins/Qt6quickwindowAdditionalTargetInfo.cmake",
		"/home/jzz0b5/Qt/6.7.2/gcc_64/lib/cmake/Qt6Qml/QmlPlugins/Qt6qwaylandcompositorpluginConfig.cmake",
		"/home/jzz0b5/Qt/Tools/CMake/share/cmake-3.29/Modules/CMakeFindDependencyMacro.cmake",
		"/home/jzz0b5/Qt/6.7.2/gcc_64/lib/cmake/Qt6Qml/QmlPlugins/Qt6qwaylandcompositorpluginTargets.cmake",
		"/home/jzz0b5/Qt/6.7.2/gcc_64/lib/cmake/Qt6Qml/QmlPlugins/Qt6qwaylandcompositorpluginTargets-relwithdebinfo.cmake",
		"/home/jzz0b5/Qt/6.7.2/gcc_64/lib/cmake/Qt6Qml/QmlPlugins/Qt6qwaylandcompositorpluginAdditionalTargetInfo.cmake",
		"/home/jzz0b5/Qt/6.7.2/gcc_64/lib/cmake/Qt6Qml/QmlPlugins/Qt6sharedimagepluginConfig.cmake",
		"/home/jzz0b5/Qt/Tools/CMake/share/cmake-3.29/Modules/CMakeFindDependencyMacro.cmake",
		"/home/jzz0b5/Qt/6.7.2/gcc_64/lib/cmake/Qt6Qml/QmlPlugins/Qt6sharedimagepluginTargets.cmake",
		"/home/jzz0b5/Qt/6.7.2/gcc_64/lib/cmake/Qt6Qml/QmlPlugins/Qt6sharedimagepluginTargets-relwithdebinfo.cmake",
		"/home/jzz0b5/Qt/6.7.2/gcc_64/lib/cmake/Qt6Qml/QmlPlugins/Qt6sharedimagepluginAdditionalTargetInfo.cmake",
		"/home/jzz0b5/Qt/6.7.2/gcc_64/lib/cmake/Qt6Qml/QmlPlugins/Qt6workerscriptpluginConfig.cmake",
		"/home/jzz0b5/Qt/Tools/CMake/share/cmake-3.29/Modules/CMakeFindDependencyMacro.cmake",
		"/home/jzz0b5/Qt/6.7.2/gcc_64/lib/cmake/Qt6Qml/QmlPlugins/Qt6workerscriptpluginTargets.cmake",
		"/home/jzz0b5/Qt/6.7.2/gcc_64/lib/cmake/Qt6Qml/QmlPlugins/Qt6workerscriptpluginTargets-relwithdebinfo.cmake",
		"/home/jzz0b5/Qt/6.7.2/gcc_64/lib/cmake/Qt6Qml/QmlPlugins/Qt6workerscriptpluginAdditionalTargetInfo.cmake",
		"/home/jzz0b5/Qt/6.7.2/gcc_64/lib/cmake/Qt6Qml/QmlPlugins/Qt6QmlMetaConfig.cmake",
		"/home/jzz0b5/Qt/6.7.2/gcc_64/lib/cmake/Qt6Qml/QmlPlugins/Qt6QmlNetworkpluginConfig.cmake",
		"/home/jzz0b5/Qt/6.7.2/gcc_64/lib/cmake/Qt6Qml/QmlPlugins/Qt6QuickControlsTestUtilsPrivatepluginConfig.cmake",
		"/home/jzz0b5/Qt/6.7.2/gcc_64/lib/cmake/Qt6Qml/QmlPlugins/Qt6QuickTestpluginConfig.cmake",
		"/home/jzz0b5/Qt/6.7.2/gcc_64/lib/cmake/Qt6Qml/QmlPlugins/Qt6WaylandCompositorIviapplicationConfig.cmake",
		"/home/jzz0b5/Qt/6.7.2/gcc_64/lib/cmake/Qt6Qml/QmlPlugins/Qt6WaylandCompositorPresentationTimeConfig.cmake",
		"/home/jzz0b5/Qt/6.7.2/gcc_64/lib/cmake/Qt6Qml/QmlPlugins/Qt6WaylandCompositorQtShellConfig.cmake",
		"/home/jzz0b5/Qt/6.7.2/gcc_64/lib/cmake/Qt6Qml/QmlPlugins/Qt6WaylandCompositorWLShellConfig.cmake",
		"/home/jzz0b5/Qt/6.7.2/gcc_64/lib/cmake/Qt6Qml/QmlPlugins/Qt6WaylandCompositorXdgShellConfig.cmake",
		"/home/jzz0b5/Qt/6.7.2/gcc_64/lib/cmake/Qt6Qml/QmlPlugins/Qt6WaylandTextureSharingConfig.cmake",
		"/home/jzz0b5/Qt/6.7.2/gcc_64/lib/cmake/Qt6Qml/QmlPlugins/Qt6WaylandTextureSharingExtensionConfig.cmake",
		"/home/jzz0b5/Qt/6.7.2/gcc_64/lib/cmake/Qt6Qml/QmlPlugins/Qt6effectspluginConfig.cmake",
		"/home/jzz0b5/Qt/6.7.2/gcc_64/lib/cmake/Qt6Qml/QmlPlugins/Qt6labsanimationpluginConfig.cmake",
		"/home/jzz0b5/Qt/6.7.2/gcc_64/lib/cmake/Qt6Qml/QmlPlugins/Qt6labsmodelspluginConfig.cmake",
		"/home/jzz0b5/Qt/6.7.2/gcc_64/lib/cmake/Qt6Qml/QmlPlugins/Qt6modelspluginConfig.cmake",
		"/home/jzz0b5/Qt/6.7.2/gcc_64/lib/cmake/Qt6Qml/QmlPlugins/Qt6particlespluginConfig.cmake",
		"/home/jzz0b5/Qt/6.7.2/gcc_64/lib/cmake/Qt6Qml/QmlPlugins/Qt6qmlfolderlistmodelpluginConfig.cmake",
		"/home/jzz0b5/Qt/6.7.2/gcc_64/lib/cmake/Qt6Qml/QmlPlugins/Qt6qmllocalstoragepluginConfig.cmake",
		"/home/jzz0b5/Qt/6.7.2/gcc_64/lib/cmake/Qt6Qml/QmlPlugins/Qt6qmlpluginConfig.cmake",
		"/home/jzz0b5/Qt/6.7.2/gcc_64/lib/cmake/Qt6Qml/QmlPlugins/Qt6qmlsettingspluginConfig.cmake",
		"/home/jzz0b5/Qt/6.7.2/gcc_64/lib/cmake/Qt6Qml/QmlPlugins/Qt6qmlshapespluginConfig.cmake",
		"/home/jzz0b5/Qt/6.7.2/gcc_64/lib/cmake/Qt6Qml/QmlPlugins/Qt6qmlwavefrontmeshpluginConfig.cmake",
		"/home/jzz0b5/Qt/6.7.2/gcc_64/lib/cmake/Qt6Qml/QmlPlugins/Qt6qmlxmllistmodelpluginConfig.cmake",
		"/home/jzz0b5/Qt/6.7.2/gcc_64/lib/cmake/Qt6Qml/QmlPlugins/Qt6qquick3dpluginConfig.cmake",
		"/home/jzz0b5/Qt/6.7.2/gcc_64/lib/cmake/Qt6Qml/QmlPlugins/Qt6qquicklayoutspluginConfig.cmake",
		"/home/jzz0b5/Qt/6.7.2/gcc_64/lib/cmake/Qt6Qml/QmlPlugins/Qt6qtchartsqml2Config.cmake",
		"/home/jzz0b5/Qt/6.7.2/gcc_64/lib/cmake/Qt6Qml/QmlPlugins/Qt6qtlabsplatformpluginConfig.cmake",
		"/home/jzz0b5/Qt/6.7.2/gcc_64/lib/cmake/Qt6Qml/QmlPlugins/Qt6qtqmlcorepluginConfig.cmake",
		"/home/jzz0b5/Qt/6.7.2/gcc_64/lib/cmake/Qt6Qml/QmlPlugins/Qt6qtquick2pluginConfig.cmake",
		"/home/jzz0b5/Qt/6.7.2/gcc_64/lib/cmake/Qt6Qml/QmlPlugins/Qt6qtquick3dassetutilspluginConfig.cmake",
		"/home/jzz0b5/Qt/6.7.2/gcc_64/lib/cmake/Qt6Qml/QmlPlugins/Qt6qtquick3deffectpluginConfig.cmake",
		"/home/jzz0b5/Qt/6.7.2/gcc_64/lib/cmake/Qt6Qml/QmlPlugins/Qt6qtquick3dhelpersimplpluginConfig.cmake",
		"/home/jzz0b5/Qt/6.7.2/gcc_64/lib/cmake/Qt6Qml/QmlPlugins/Qt6qtquick3dhelperspluginConfig.cmake",
		"/home/jzz0b5/Qt/6.7.2/gcc_64/lib/cmake/Qt6Qml/QmlPlugins/Qt6qtquick3dparticleeffectspluginConfig.cmake",
		"/home/jzz0b5/Qt/6.7.2/gcc_64/lib/cmake/Qt6Qml/QmlPlugins/Qt6qtquick3dparticles3dpluginConfig.cmake",
		"/home/jzz0b5/Qt/6.7.2/gcc_64/lib/cmake/Qt6Qml/QmlPlugins/Qt6qtquickcontrols2basicstyleimplpluginConfig.cmake",
		"/home/jzz0b5/Qt/6.7.2/gcc_64/lib/cmake/Qt6Qml/QmlPlugins/Qt6qtquickcontrols2basicstylepluginConfig.cmake",
		"/home/jzz0b5/Qt/6.7.2/gcc_64/lib/cmake/Qt6Qml/QmlPlugins/Qt6qtquickcontrols2fusionstyleimplpluginConfig.cmake",
		"/home/jzz0b5/Qt/6.7.2/gcc_64/lib/cmake/Qt6Qml/QmlPlugins/Qt6qtquickcontrols2fusionstylepluginConfig.cmake",
		"/home/jzz0b5/Qt/6.7.2/gcc_64/lib/cmake/Qt6Qml/QmlPlugins/Qt6qtquickcontrols2imaginestyleimplpluginConfig.cmake",
		"/home/jzz0b5/Qt/6.7.2/gcc_64/lib/cmake/Qt6Qml/QmlPlugins/Qt6qtquickcontrols2imaginestylepluginConfig.cmake",
		"/home/jzz0b5/Qt/6.7.2/gcc_64/lib/cmake/Qt6Qml/QmlPlugins/Qt6qtquickcontrols2implpluginConfig.cmake",
		"/home/jzz0b5/Qt/6.7.2/gcc_64/lib/cmake/Qt6Qml/QmlPlugins/Qt6qtquickcontrols2materialstyleimplpluginConfig.cmake",
		"/home/jzz0b5/Qt/6.7.2/gcc_64/lib/cmake/Qt6Qml/QmlPlugins/Qt6qtquickcontrols2materialstylepluginConfig.cmake",
		"/home/jzz0b5/Qt/6.7.2/gcc_64/lib/cmake/Qt6Qml/QmlPlugins/Qt6qtquickcontrols2nativestylepluginConfig.cmake",
		"/home/jzz0b5/Qt/6.7.2/gcc_64/lib/cmake/Qt6Qml/QmlPlugins/Qt6qtquickcontrols2pluginConfig.cmake",
		"/home/jzz0b5/Qt/6.7.2/gcc_64/lib/cmake/Qt6Qml/QmlPlugins/Qt6qtquickcontrols2universalstyleimplpluginConfig.cmake",
		"/home/jzz0b5/Qt/6.7.2/gcc_64/lib/cmake/Qt6Qml/QmlPlugins/Qt6qtquickcontrols2universalstylepluginConfig.cmake",
		"/home/jzz0b5/Qt/6.7.2/gcc_64/lib/cmake/Qt6Qml/QmlPlugins/Qt6qtquickdialogs2quickimplpluginConfig.cmake",
		"/home/jzz0b5/Qt/6.7.2/gcc_64/lib/cmake/Qt6Qml/QmlPlugins/Qt6qtquickdialogspluginConfig.cmake",
		"/home/jzz0b5/Qt/6.7.2/gcc_64/lib/cmake/Qt6Qml/QmlPlugins/Qt6qtquicktemplates2pluginConfig.cmake",
		"/home/jzz0b5/Qt/6.7.2/gcc_64/lib/cmake/Qt6Qml/QmlPlugins/Qt6qtquicktimelineblendtreespluginConfig.cmake",
		"/home/jzz0b5/Qt/6.7.2/gcc_64/lib/cmake/Qt6Qml/QmlPlugins/Qt6qtquicktimelinepluginConfig.cmake",
		"/home/jzz0b5/Qt/6.7.2/gcc_64/lib/cmake/Qt6Qml/QmlPlugins/Qt6quick3dspatialaudioConfig.cmake",
		"/home/jzz0b5/Qt/6.7.2/gcc_64/lib/cmake/Qt6Qml/QmlPlugins/Qt6quickmultimediaConfig.cmake",
		"/home/jzz0b5/Qt/6.7.2/gcc_64/lib/cmake/Qt6Qml/QmlPlugins/Qt6quicktoolingConfig.cmake",
		"/home/jzz0b5/Qt/6.7.2/gcc_64/lib/cmake/Qt6Qml/QmlPlugins/Qt6quickwindowConfig.cmake",
		"/home/jzz0b5/Qt/6.7.2/gcc_64/lib/cmake/Qt6Qml/QmlPlugins/Qt6qwaylandcompositorpluginConfig.cmake",
		"/home/jzz0b5/Qt/6.7.2/gcc_64/lib/cmake/Qt6Qml/QmlPlugins/Qt6sharedimagepluginConfig.cmake",
		"/home/jzz0b5/Qt/6.7.2/gcc_64/lib/cmake/Qt6Qml/QmlPlugins/Qt6workerscriptpluginConfig.cmake",
		"/home/jzz0b5/Qt/6.7.2/gcc_64/lib/cmake/Qt6Qml/Qt6QDebugMessageServiceFactoryPluginConfig.cmake",
		"/home/jzz0b5/Qt/Tools/CMake/share/cmake-3.29/Modules/CMakeFindDependencyMacro.cmake",
		"/home/jzz0b5/Qt/6.7.2/gcc_64/lib/cmake/Qt6Qml/Qt6QDebugMessageServiceFactoryPluginTargets.cmake",
		"/home/jzz0b5/Qt/6.7.2/gcc_64/lib/cmake/Qt6Qml/Qt6QDebugMessageServiceFactoryPluginTargets-relwithdebinfo.cmake",
		"/home/jzz0b5/Qt/6.7.2/gcc_64/lib/cmake/Qt6Qml/Qt6QDebugMessageServiceFactoryPluginAdditionalTargetInfo.cmake",
		"/home/jzz0b5/Qt/6.7.2/gcc_64/lib/cmake/Qt6Qml/Qt6QLocalClientConnectionFactoryPluginConfig.cmake",
		"/home/jzz0b5/Qt/Tools/CMake/share/cmake-3.29/Modules/CMakeFindDependencyMacro.cmake",
		"/home/jzz0b5/Qt/6.7.2/gcc_64/lib/cmake/Qt6Qml/Qt6QLocalClientConnectionFactoryPluginTargets.cmake",
		"/home/jzz0b5/Qt/6.7.2/gcc_64/lib/cmake/Qt6Qml/Qt6QLocalClientConnectionFactoryPluginTargets-relwithdebinfo.cmake",
		"/home/jzz0b5/Qt/6.7.2/gcc_64/lib/cmake/Qt6Qml/Qt6QLocalClientConnectionFactoryPluginAdditionalTargetInfo.cmake",
		"/home/jzz0b5/Qt/6.7.2/gcc_64/lib/cmake/Qt6Qml/Qt6QQmlDebugServerFactoryPluginConfig.cmake",
		"/home/jzz0b5/Qt/Tools/CMake/share/cmake-3.29/Modules/CMakeFindDependencyMacro.cmake",
		"/home/jzz0b5/Qt/6.7.2/gcc_64/lib/cmake/Qt6Qml/Qt6QQmlDebugServerFactoryPluginTargets.cmake",
		"/home/jzz0b5/Qt/6.7.2/gcc_64/lib/cmake/Qt6Qml/Qt6QQmlDebugServerFactoryPluginTargets-relwithdebinfo.cmake",
		"/home/jzz0b5/Qt/6.7.2/gcc_64/lib/cmake/Qt6Qml/Qt6QQmlDebugServerFactoryPluginAdditionalTargetInfo.cmake",
		"/home/jzz0b5/Qt/6.7.2/gcc_64/lib/cmake/Qt6Qml/Qt6QQmlDebuggerServiceFactoryPluginConfig.cmake",
		"/home/jzz0b5/Qt/Tools/CMake/share/cmake-3.29/Modules/CMakeFindDependencyMacro.cmake",
		"/home/jzz0b5/Qt/6.7.2/gcc_64/lib/cmake/Qt6Qml/Qt6QQmlDebuggerServiceFactoryPluginTargets.cmake",
		"/home/jzz0b5/Qt/6.7.2/gcc_64/lib/cmake/Qt6Qml/Qt6QQmlDebuggerServiceFactoryPluginTargets-relwithdebinfo.cmake",
		"/home/jzz0b5/Qt/6.7.2/gcc_64/lib/cmake/Qt6Qml/Qt6QQmlDebuggerServiceFactoryPluginAdditionalTargetInfo.cmake",
		"/home/jzz0b5/Qt/6.7.2/gcc_64/lib/cmake/Qt6Qml/Qt6QQmlInspectorServiceFactoryPluginConfig.cmake",
		"/home/jzz0b5/Qt/Tools/CMake/share/cmake-3.29/Modules/CMakeFindDependencyMacro.cmake",
		"/home/jzz0b5/Qt/6.7.2/gcc_64/lib/cmake/Qt6Qml/Qt6QQmlInspectorServiceFactoryPluginTargets.cmake",
		"/home/jzz0b5/Qt/6.7.2/gcc_64/lib/cmake/Qt6Qml/Qt6QQmlInspectorServiceFactoryPluginTargets-relwithdebinfo.cmake",
		"/home/jzz0b5/Qt/6.7.2/gcc_64/lib/cmake/Qt6Qml/Qt6QQmlInspectorServiceFactoryPluginAdditionalTargetInfo.cmake",
		"/home/jzz0b5/Qt/6.7.2/gcc_64/lib/cmake/Qt6Qml/Qt6QQmlNativeDebugConnectorFactoryPluginConfig.cmake",
		"/home/jzz0b5/Qt/Tools/CMake/share/cmake-3.29/Modules/CMakeFindDependencyMacro.cmake",
		"/home/jzz0b5/Qt/6.7.2/gcc_64/lib/cmake/Qt6Qml/Qt6QQmlNativeDebugConnectorFactoryPluginTargets.cmake",
		"/home/jzz0b5/Qt/6.7.2/gcc_64/lib/cmake/Qt6Qml/Qt6QQmlNativeDebugConnectorFactoryPluginTargets-relwithdebinfo.cmake",
		"/home/jzz0b5/Qt/6.7.2/gcc_64/lib/cmake/Qt6Qml/Qt6QQmlNativeDebugConnectorFactoryPluginAdditionalTargetInfo.cmake",
		"/home/jzz0b5/Qt/6.7.2/gcc_64/lib/cmake/Qt6Qml/Qt6QQmlNativeDebugServiceFactoryPluginConfig.cmake",
		"/home/jzz0b5/Qt/Tools/CMake/share/cmake-3.29/Modules/CMakeFindDependencyMacro.cmake",
		"/home/jzz0b5/Qt/6.7.2/gcc_64/lib/cmake/Qt6Qml/Qt6QQmlNativeDebugServiceFactoryPluginTargets.cmake",
		"/home/jzz0b5/Qt/6.7.2/gcc_64/lib/cmake/Qt6Qml/Qt6QQmlNativeDebugServiceFactoryPluginTargets-relwithdebinfo.cmake",
		"/home/jzz0b5/Qt/6.7.2/gcc_64/lib/cmake/Qt6Qml/Qt6QQmlNativeDebugServiceFactoryPluginAdditionalTargetInfo.cmake",
		"/home/jzz0b5/Qt/6.7.2/gcc_64/lib/cmake/Qt6Qml/Qt6QQmlPreviewServiceFactoryPluginConfig.cmake",
		"/home/jzz0b5/Qt/Tools/CMake/share/cmake-3.29/Modules/CMakeFindDependencyMacro.cmake",
		"/home/jzz0b5/Qt/6.7.2/gcc_64/lib/cmake/Qt6Qml/Qt6QQmlPreviewServiceFactoryPluginTargets.cmake",
		"/home/jzz0b5/Qt/6.7.2/gcc_64/lib/cmake/Qt6Qml/Qt6QQmlPreviewServiceFactoryPluginTargets-relwithdebinfo.cmake",
		"/home/jzz0b5/Qt/6.7.2/gcc_64/lib/cmake/Qt6Qml/Qt6QQmlPreviewServiceFactoryPluginAdditionalTargetInfo.cmake",
		"/home/jzz0b5/Qt/6.7.2/gcc_64/lib/cmake/Qt6Qml/Qt6QQmlProfilerServiceFactoryPluginConfig.cmake",
		"/home/jzz0b5/Qt/Tools/CMake/share/cmake-3.29/Modules/CMakeFindDependencyMacro.cmake",
		"/home/jzz0b5/Qt/6.7.2/gcc_64/lib/cmake/Qt6Qml/Qt6QQmlProfilerServiceFactoryPluginTargets.cmake",
		"/home/jzz0b5/Qt/6.7.2/gcc_64/lib/cmake/Qt6Qml/Qt6QQmlProfilerServiceFactoryPluginTargets-relwithdebinfo.cmake",
		"/home/jzz0b5/Qt/6.7.2/gcc_64/lib/cmake/Qt6Qml/Qt6QQmlProfilerServiceFactoryPluginAdditionalTargetInfo.cmake",
		"/home/jzz0b5/Qt/6.7.2/gcc_64/lib/cmake/Qt6Qml/Qt6QQuick3DProfilerAdapterFactoryPluginConfig.cmake",
		"/home/jzz0b5/Qt/Tools/CMake/share/cmake-3.29/Modules/CMakeFindDependencyMacro.cmake",
		"/home/jzz0b5/Qt/6.7.2/gcc_64/lib/cmake/Qt6Qml/Qt6QQuick3DProfilerAdapterFactoryPluginTargets.cmake",
		"/home/jzz0b5/Qt/6.7.2/gcc_64/lib/cmake/Qt6Qml/Qt6QQuick3DProfilerAdapterFactoryPluginTargets-relwithdebinfo.cmake",
		"/home/jzz0b5/Qt/6.7.2/gcc_64/lib/cmake/Qt6Qml/Qt6QQuick3DProfilerAdapterFactoryPluginAdditionalTargetInfo.cmake",
		"/home/jzz0b5/Qt/6.7.2/gcc_64/lib/cmake/Qt6Qml/Qt6QQuickProfilerAdapterFactoryPluginConfig.cmake",
		"/home/jzz0b5/Qt/Tools/CMake/share/cmake-3.29/Modules/CMakeFindDependencyMacro.cmake",
		"/home/jzz0b5/Qt/6.7.2/gcc_64/lib/cmake/Qt6Qml/Qt6QQuickProfilerAdapterFactoryPluginTargets.cmake",
		"/home/jzz0b5/Qt/6.7.2/gcc_64/lib/cmake/Qt6Qml/Qt6QQuickProfilerAdapterFactoryPluginTargets-relwithdebinfo.cmake",
		"/home/jzz0b5/Qt/6.7.2/gcc_64/lib/cmake/Qt6Qml/Qt6QQuickProfilerAdapterFactoryPluginAdditionalTargetInfo.cmake",
		"/home/jzz0b5/Qt/6.7.2/gcc_64/lib/cmake/Qt6Qml/Qt6QTcpServerConnectionFactoryPluginConfig.cmake",
		"/home/jzz0b5/Qt/Tools/CMake/share/cmake-3.29/Modules/CMakeFindDependencyMacro.cmake",
		"/home/jzz0b5/Qt/6.7.2/gcc_64/lib/cmake/Qt6Qml/Qt6QTcpServerConnectionFactoryPluginTargets.cmake",
		"/home/jzz0b5/Qt/6.7.2/gcc_64/lib/cmake/Qt6Qml/Qt6QTcpServerConnectionFactoryPluginTargets-relwithdebinfo.cmake",
		"/home/jzz0b5/Qt/6.7.2/gcc_64/lib/cmake/Qt6Qml/Qt6QTcpServerConnectionFactoryPluginAdditionalTargetInfo.cmake",
		"/home/jzz0b5/Qt/6.7.2/gcc_64/lib/cmake/Qt6QmlModels/Qt6QmlModelsConfigVersion.cmake",
		"/home/jzz0b5/Qt/6.7.2/gcc_64/lib/cmake/Qt6QmlModels/Qt6QmlModelsConfigVersionImpl.cmake",
		"/home/jzz0b5/Qt/6.7.2/gcc_64/lib/cmake/Qt6QmlModels/Qt6QmlModelsConfig.cmake",
		"/home/jzz0b5/Qt/Tools/CMake/share/cmake-3.29/Modules/CMakeFindDependencyMacro.cmake",
		"/home/jzz0b5/Qt/6.7.2/gcc_64/lib/cmake/Qt6QmlModels/Qt6QmlModelsDependencies.cmake",
		"/home/jzz0b5/Qt/6.7.2/gcc_64/lib/cmake/Qt6QmlModels/Qt6QmlModelsTargets.cmake",
		"/home/jzz0b5/Qt/6.7.2/gcc_64/lib/cmake/Qt6QmlModels/Qt6QmlModelsTargets-relwithdebinfo.cmake",
		"/home/jzz0b5/Qt/6.7.2/gcc_64/lib/cmake/Qt6QmlModels/Qt6QmlModelsAdditionalTargetInfo.cmake",
		"/home/jzz0b5/Qt/6.7.2/gcc_64/lib/cmake/Qt6QmlModels/Qt6QmlModelsVersionlessTargets.cmake",
		"/home/jzz0b5/Qt/6.7.2/gcc_64/lib/cmake/Qt6OpenGL/Qt6OpenGLConfigVersion.cmake",
		"/home/jzz0b5/Qt/6.7.2/gcc_64/lib/cmake/Qt6OpenGL/Qt6OpenGLConfigVersionImpl.cmake",
		"/home/jzz0b5/Qt/6.7.2/gcc_64/lib/cmake/Qt6OpenGL/Qt6OpenGLConfig.cmake",
		"/home/jzz0b5/Qt/Tools/CMake/share/cmake-3.29/Modules/CMakeFindDependencyMacro.cmake",
		"/home/jzz0b5/Qt/6.7.2/gcc_64/lib/cmake/Qt6OpenGL/Qt6OpenGLDependencies.cmake",
		"/home/jzz0b5/Qt/6.7.2/gcc_64/lib/cmake/Qt6/FindWrapVulkanHeaders.cmake",
		"/home/jzz0b5/Qt/6.7.2/gcc_64/lib/cmake/Qt6OpenGL/Qt6OpenGLTargets.cmake",
		"/home/jzz0b5/Qt/6.7.2/gcc_64/lib/cmake/Qt6OpenGL/Qt6OpenGLTargets-relwithdebinfo.cmake",
		"/home/jzz0b5/Qt/6.7.2/gcc_64/lib/cmake/Qt6OpenGL/Qt6OpenGLAdditionalTargetInfo.cmake",
		"/home/jzz0b5/Qt/6.7.2/gcc_64/lib/cmake/Qt6OpenGL/Qt6OpenGLVersionlessTargets.cmake",
		"/home/jzz0b5/Qt/6.7.2/gcc_64/lib/cmake/Qt6Quick/Qt6QuickTargets.cmake",
		"/home/jzz0b5/Qt/6.7.2/gcc_64/lib/cmake/Qt6Quick/Qt6QuickTargets-relwithdebinfo.cmake",
		"/home/jzz0b5/Qt/6.7.2/gcc_64/lib/cmake/Qt6Quick/Qt6QuickAdditionalTargetInfo.cmake",
		"/home/jzz0b5/Qt/6.7.2/gcc_64/lib/cmake/Qt6Quick/Qt6QuickVersionlessTargets.cmake",
		"/home/jzz0b5/Qt/6.7.2/gcc_64/lib/cmake/Qt6Quick/Qt6QuickPlugins.cmake",
		"/home/jzz0b5/Qt/Tools/CMake/share/cmake-3.29/Modules/GNUInstallDirs.cmake",
		"/home/jzz0b5/Qt/6.7.2/gcc_64/lib/cmake/Qt6Core/Qt6CoreConfigureFileTemplate.in",
		"/home/jzz0b5/Qt/6.7.2/gcc_64/lib/cmake/Qt6Qml/Qt6QmlModuleDirMappingTemplate.qrc.in",
		"/home/jzz0b5/Qt/6.7.2/gcc_64/lib/cmake/Qt6Core/Qt6CoreConfigureFileTemplate.in",
		"/home/jzz0b5/Qt/Tools/CMake/share/cmake-3.29/Modules/GNUInstallDirs.cmake",
		"/home/jzz0b5/Qt/6.7.2/gcc_64/lib/cmake/Qt6Qml/Qt6qmldirTemplate.cmake.in",
		"/home/jzz0b5/yacto/meta-santhosh/recipes-qt/qml-brightness-socket/qml-brightness-socket/build/Desktop_Qt_6_7_2-Debug/.qt/qml_imports/appqml-brightness-socket_conf.cmake"
	],
	"CMAKE_SOURCE_DIR" : "/home/jzz0b5/yacto/meta-santhosh/recipes-qt/qml-brightness-socket/qml-brightness-socket",
	"CROSS_CONFIG" : false,
	"DEP_FILE" : "/home/jzz0b5/yacto/meta-santhosh/recipes-qt/qml-brightness-socket/qml-brightness-socket/build/Desktop_Qt_6_7_2-Debug/appqml-brightness-socket_autogen/deps",
	"DEP_FILE_RULE_NAME" : "appqml-brightness-socket_autogen/timestamp",
	"HEADERS" : [],
	"HEADER_EXTENSIONS" : [ "h", "hh", "h++", "hm", "hpp", "hxx", "in", "txx" ],
	"INCLUDE_DIR" : "/home/jzz0b5/yacto/meta-santhosh/recipes-qt/qml-brightness-socket/qml-brightness-socket/build/Desktop_Qt_6_7_2-Debug/appqml-brightness-socket_autogen/include",
	"MOC_COMPILATION_FILE" : "/home/jzz0b5/yacto/meta-santhosh/recipes-qt/qml-brightness-socket/qml-brightness-socket/build/Desktop_Qt_6_7_2-Debug/appqml-brightness-socket_autogen/mocs_compilation.cpp",
	"MOC_DEFINITIONS" : 
	[
		"QT_CORE_LIB",
		"QT_GUI_LIB",
		"QT_NETWORK_LIB",
		"QT_OPENGL_LIB",
		"QT_QMLBUILTINS_LIB",
		"QT_QMLINTEGRATION_LIB",
		"QT_QMLMODELS_LIB",
		"QT_QML_LIB",
		"QT_QUICK_LIB"
	],
	"MOC_DEPEND_FILTERS" : 
	[
		[
			"Q_PLUGIN_METADATA",
			"[\n][ \t]*Q_PLUGIN_METADATA[ \t]*\\([^\\)]*FILE[ \t]*\"([^\"]+)\""
		]
	],
	"MOC_INCLUDES" : 
	[
		"/home/jzz0b5/yacto/meta-santhosh/recipes-qt/qml-brightness-socket/qml-brightness-socket",
		"/home/jzz0b5/Qt/6.7.2/gcc_64/include/QtQml/6.7.2",
		"/home/jzz0b5/Qt/6.7.2/gcc_64/include/QtQml/6.7.2/QtQml",
		"/home/jzz0b5/Qt/6.7.2/gcc_64/include/QtCore/6.7.2",
		"/home/jzz0b5/Qt/6.7.2/gcc_64/include/QtCore/6.7.2/QtCore",
		"/home/jzz0b5/Qt/6.7.2/gcc_64/include/QtCore",
		"/home/jzz0b5/Qt/6.7.2/gcc_64/include",
		"/home/jzz0b5/Qt/6.7.2/gcc_64/mkspecs/linux-g++",
		"/home/jzz0b5/Qt/6.7.2/gcc_64/include/QtQmlBuiltins/6.7.2",
		"/home/jzz0b5/Qt/6.7.2/gcc_64/include/QtQmlBuiltins/6.7.2/QtQmlBuiltins",
		"/home/jzz0b5/Qt/6.7.2/gcc_64/include/QtQmlBuiltins",
		"/home/jzz0b5/Qt/6.7.2/gcc_64/include/QtQml",
		"/home/jzz0b5/Qt/6.7.2/gcc_64/include/QtQmlIntegration",
		"/home/jzz0b5/Qt/6.7.2/gcc_64/include/QtNetwork",
		"/home/jzz0b5/Qt/6.7.2/gcc_64/include/QtQuick",
		"/home/jzz0b5/Qt/6.7.2/gcc_64/include/QtGui",
		"/home/jzz0b5/Qt/6.7.2/gcc_64/include/QtQmlModels",
		"/home/jzz0b5/Qt/6.7.2/gcc_64/include/QtOpenGL",
		"/usr/include",
		"/usr/include/c++/11",
		"/usr/include/x86_64-linux-gnu/c++/11",
		"/usr/include/c++/11/backward",
		"/usr/lib/gcc/x86_64-linux-gnu/11/include",
		"/usr/local/include",
		"/usr/include/x86_64-linux-gnu"
	],
	"MOC_MACRO_NAMES" : 
	[
		"Q_OBJECT",
		"Q_GADGET",
		"Q_NAMESPACE",
		"Q_NAMESPACE_EXPORT",
		"Q_GADGET_EXPORT",
		"Q_ENUM_NS"
	],
	"MOC_OPTIONS" : [ "--output-json" ],
	"MOC_PATH_PREFIX" : false,
	"MOC_PREDEFS_CMD" : 
	[
		"/usr/bin/x86_64-linux-gnu-g++-11",
		"-dM",
		"-E",
		"-c",
		"/home/jzz0b5/Qt/Tools/CMake/share/cmake-3.29/Modules/CMakeCXXCompilerABI.cpp"
	],
	"MOC_PREDEFS_FILE" : "/home/jzz0b5/yacto/meta-santhosh/recipes-qt/qml-brightness-socket/qml-brightness-socket/build/Desktop_Qt_6_7_2-Debug/appqml-brightness-socket_autogen/moc_predefs.h",
	"MOC_RELAXED_MODE" : false,
	"MOC_SKIP" : 
	[
		"/home/jzz0b5/yacto/meta-santhosh/recipes-qt/qml-brightness-socket/qml-brightness-socket/build/Desktop_Qt_6_7_2-Debug/.qt/rcc/qrc_appqml-brightness-socket_raw_qml_0.cpp",
		"/home/jzz0b5/yacto/meta-santhosh/recipes-qt/qml-brightness-socket/qml-brightness-socket/build/Desktop_Qt_6_7_2-Debug/.qt/rcc/qrc_qmake_qml-brightness-socket.cpp",
		"/home/jzz0b5/yacto/meta-santhosh/recipes-qt/qml-brightness-socket/qml-brightness-socket/build/Desktop_Qt_6_7_2-Debug/.rcc/qmlcache/appqml-brightness-socket_Main_qml.cpp",
		"/home/jzz0b5/yacto/meta-santhosh/recipes-qt/qml-brightness-socket/qml-brightness-socket/build/Desktop_Qt_6_7_2-Debug/.rcc/qmlcache/appqml-brightness-socket_qmlcache_loader.cpp",
		"/home/jzz0b5/yacto/meta-santhosh/recipes-qt/qml-brightness-socket/qml-brightness-socket/build/Desktop_Qt_6_7_2-Debug/appqml-brightness-socket_qmltyperegistrations.cpp"
	],
	"MULTI_CONFIG" : false,
	"PARALLEL" : 12,
	"PARSE_CACHE_FILE" : "/home/jzz0b5/yacto/meta-santhosh/recipes-qt/qml-brightness-socket/qml-brightness-socket/build/Desktop_Qt_6_7_2-Debug/CMakeFiles/appqml-brightness-socket_autogen.dir/ParseCache.txt",
	"QT_MOC_EXECUTABLE" : "/home/jzz0b5/Qt/6.7.2/gcc_64/./libexec/moc",
	"QT_UIC_EXECUTABLE" : "",
	"QT_VERSION_MAJOR" : 6,
	"QT_VERSION_MINOR" : 7,
	"SETTINGS_FILE" : "/home/jzz0b5/yacto/meta-santhosh/recipes-qt/qml-brightness-socket/qml-brightness-socket/build/Desktop_Qt_6_7_2-Debug/CMakeFiles/appqml-brightness-socket_autogen.dir/AutogenUsed.txt",
	"SOURCES" : 
	[
		[
			"/home/jzz0b5/yacto/meta-santhosh/recipes-qt/qml-brightness-socket/qml-brightness-socket/main.cpp",
			"MU",
			null
		]
	],
	"UIC_OPTIONS" : [],
	"UIC_SEARCH_PATHS" : [],
	"UIC_SKIP" : 
	[
		"/home/jzz0b5/yacto/meta-santhosh/recipes-qt/qml-brightness-socket/qml-brightness-socket/build/Desktop_Qt_6_7_2-Debug/.qt/rcc/qrc_appqml-brightness-socket_raw_qml_0.cpp",
		"/home/jzz0b5/yacto/meta-santhosh/recipes-qt/qml-brightness-socket/qml-brightness-socket/build/Desktop_Qt_6_7_2-Debug/.qt/rcc/qrc_qmake_qml-brightness-socket.cpp",
		"/home/jzz0b5/yacto/meta-santhosh/recipes-qt/qml-brightness-socket/qml-brightness-socket/build/Desktop_Qt_6_7_2-Debug/.rcc/qmlcache/appqml-brightness-socket_Main_qml.cpp",
		"/home/jzz0b5/yacto/meta-santhosh/recipes-qt/qml-brightness-socket/qml-brightness-socket/build/Desktop_Qt_6_7_2-Debug/.rcc/qmlcache/appqml-brightness-socket_qmlcache_loader.cpp",
		"/home/jzz0b5/yacto/meta-santhosh/recipes-qt/qml-brightness-socket/qml-brightness-socket/build/Desktop_Qt_6_7_2-Debug/appqml-brightness-socket_qmltyperegistrations.cpp"
	],
	"UIC_UI_FILES" : [],
	"USE_BETTER_GRAPH" : false,
	"VERBOSITY" : 0
}
